"SYMBOL","PathwayID"
"CASP1","hsa05171"
"CCL2","hsa05171"
"CSF2","hsa05171"
"CXCL10","hsa05171"
"CXCL8","hsa05171"
"EGFR","hsa05171"
"FAU","hsa05171"
"HBEGF","hsa05171"
"IL1B","hsa05171"
"IL6","hsa05171"
"JUN","hsa05171"
"MAPK1","hsa05171"
"MAPK14","hsa05171"
"NLRP3","hsa05171"
"PIK3CA","hsa05171"
"PIK3R1","hsa05171"
"PIK3R2","hsa05171"
"PLCG1","hsa05171"
"PLCG2","hsa05171"
"RPL10","hsa05171"
"RPL10A","hsa05171"
"RPL10L","hsa05171"
"RPL11","hsa05171"
"RPL12","hsa05171"
"RPL13","hsa05171"
"RPL13A","hsa05171"
"RPL14","hsa05171"
"RPL15","hsa05171"
"RPL17","hsa05171"
"RPL17-C18orf32","hsa05171"
"RPL18","hsa05171"
"RPL18A","hsa05171"
"RPL19","hsa05171"
"RPL21","hsa05171"
"RPL22","hsa05171"
"RPL23","hsa05171"
"RPL23A","hsa05171"
"RPL24","hsa05171"
"RPL26","hsa05171"
"RPL27","hsa05171"
"RPL27A","hsa05171"
"RPL28","hsa05171"
"RPL29","hsa05171"
"RPL3","hsa05171"
"RPL30","hsa05171"
"RPL31","hsa05171"
"RPL32","hsa05171"
"RPL34","hsa05171"
"RPL35","hsa05171"
"RPL35A","hsa05171"
"RPL36","hsa05171"
"RPL36A","hsa05171"
"RPL37","hsa05171"
"RPL37A","hsa05171"
"RPL38","hsa05171"
"RPL39","hsa05171"
"RPL4","hsa05171"
"RPL5","hsa05171"
"RPL6","hsa05171"
"RPL7","hsa05171"
"RPL7A","hsa05171"
"RPL8","hsa05171"
"RPL9","hsa05171"
"RPLP0","hsa05171"
"RPLP1","hsa05171"
"RPLP2","hsa05171"
"RPS10","hsa05171"
"RPS10-NUDT3","hsa05171"
"RPS11","hsa05171"
"RPS12","hsa05171"
"RPS13","hsa05171"
"RPS14","hsa05171"
"RPS15","hsa05171"
"RPS15A","hsa05171"
"RPS16","hsa05171"
"RPS17","hsa05171"
"RPS18","hsa05171"
"RPS19","hsa05171"
"RPS2","hsa05171"
"RPS20","hsa05171"
"RPS21","hsa05171"
"RPS23","hsa05171"
"RPS24","hsa05171"
"RPS25","hsa05171"
"RPS26","hsa05171"
"RPS27","hsa05171"
"RPS27A","hsa05171"
"RPS27L","hsa05171"
"RPS28","hsa05171"
"RPS29","hsa05171"
"RPS3","hsa05171"
"RPS3A","hsa05171"
"RPS4X","hsa05171"
"RPS5","hsa05171"
"RPS6","hsa05171"
"RPS7","hsa05171"
"RPS8","hsa05171"
"RPS9","hsa05171"
"RPSA","hsa05171"
"RSL24D1","hsa05171"
"STAT1","hsa05171"
"STAT3","hsa05171"
"TNF","hsa05171"
"TRAF3","hsa05171"
"UBA52","hsa05171"
"ADRM1","hsa05010"
"AKT1","hsa05010"
"APH1A","hsa05010"
"APH1B","hsa05010"
"APP","hsa05010"
"ATP2A2","hsa05010"
"BAD","hsa05010"
"BRAF","hsa05010"
"CASP8","hsa05010"
"COX5A","hsa05010"
"CSF1","hsa05010"
"CYC1","hsa05010"
"DKK1","hsa05010"
"EIF2S1","hsa05010"
"FADD","hsa05010"
"HRAS","hsa05010"
"IL1B","hsa05010"
"IL6","hsa05010"
"IRS1","hsa05010"
"ITPR1","hsa05010"
"KRAS","hsa05010"
"LRP5","hsa05010"
"LRP6","hsa05010"
"MAP2K1","hsa05010"
"MAP2K2","hsa05010"
"MAPK1","hsa05010"
"MTOR","hsa05010"
"NCSTN","hsa05010"
"NDUFA1","hsa05010"
"NDUFA10","hsa05010"
"NDUFA11","hsa05010"
"NDUFA12","hsa05010"
"NDUFA13","hsa05010"
"NDUFA2","hsa05010"
"NDUFA3","hsa05010"
"NDUFA5","hsa05010"
"NDUFA6","hsa05010"
"NDUFA7","hsa05010"
"NDUFA8","hsa05010"
"NDUFA9","hsa05010"
"NDUFAB1","hsa05010"
"NDUFB1","hsa05010"
"NDUFB10","hsa05010"
"NDUFB11","hsa05010"
"NDUFB2","hsa05010"
"NDUFB3","hsa05010"
"NDUFB4","hsa05010"
"NDUFB5","hsa05010"
"NDUFB6","hsa05010"
"NDUFB7","hsa05010"
"NDUFB8","hsa05010"
"NDUFB9","hsa05010"
"NDUFC1","hsa05010"
"NDUFC2","hsa05010"
"NDUFS1","hsa05010"
"NDUFS2","hsa05010"
"NDUFS3","hsa05010"
"NDUFS4","hsa05010"
"NDUFS5","hsa05010"
"NDUFS6","hsa05010"
"NDUFS7","hsa05010"
"NDUFS8","hsa05010"
"NDUFV1","hsa05010"
"NDUFV2","hsa05010"
"NDUFV3","hsa05010"
"NOS2","hsa05010"
"NRAS","hsa05010"
"PIK3CA","hsa05010"
"PIK3R1","hsa05010"
"PIK3R2","hsa05010"
"PSEN1","hsa05010"
"PSEN2","hsa05010"
"PSENEN","hsa05010"
"PSMA1","hsa05010"
"PSMA2","hsa05010"
"PSMA3","hsa05010"
"PSMA4","hsa05010"
"PSMA5","hsa05010"
"PSMA6","hsa05010"
"PSMA7","hsa05010"
"PSMB1","hsa05010"
"PSMB2","hsa05010"
"PSMB3","hsa05010"
"PSMB4","hsa05010"
"PSMB6","hsa05010"
"PSMB7","hsa05010"
"PSMC1","hsa05010"
"PSMC2","hsa05010"
"PSMC3","hsa05010"
"PSMC4","hsa05010"
"PSMC5","hsa05010"
"PSMC6","hsa05010"
"PSMD1","hsa05010"
"PSMD11","hsa05010"
"PSMD12","hsa05010"
"PSMD14","hsa05010"
"PSMD2","hsa05010"
"PSMD3","hsa05010"
"PSMD4","hsa05010"
"PSMD7","hsa05010"
"PSMD8","hsa05010"
"RAF1","hsa05010"
"SDHA","hsa05010"
"SDHB","hsa05010"
"SDHC","hsa05010"
"SDHD","hsa05010"
"TNF","hsa05010"
"TUBA1A","hsa05010"
"TUBA1B","hsa05010"
"TUBB3","hsa05010"
"ULK1","hsa05010"
"UQCR11","hsa05010"
"UQCRB","hsa05010"
"UQCRC1","hsa05010"
"UQCRC2","hsa05010"
"UQCRFS1","hsa05010"
"UQCRH","hsa05010"
"UQCRQ","hsa05010"
"WNT3A","hsa05010"
"WNT5A","hsa05010"
"ADRM1","hsa05020"
"BAD","hsa05020"
"CAV1","hsa05020"
"CCL5","hsa05020"
"COX5A","hsa05020"
"CREB3L1","hsa05020"
"CYC1","hsa05020"
"EIF2S1","hsa05020"
"IL1B","hsa05020"
"IL6","hsa05020"
"ITPR1","hsa05020"
"MAPK1","hsa05020"
"MAPK14","hsa05020"
"NDUFA1","hsa05020"
"NDUFA10","hsa05020"
"NDUFA11","hsa05020"
"NDUFA12","hsa05020"
"NDUFA13","hsa05020"
"NDUFA2","hsa05020"
"NDUFA3","hsa05020"
"NDUFA5","hsa05020"
"NDUFA6","hsa05020"
"NDUFA7","hsa05020"
"NDUFA8","hsa05020"
"NDUFA9","hsa05020"
"NDUFAB1","hsa05020"
"NDUFB1","hsa05020"
"NDUFB10","hsa05020"
"NDUFB11","hsa05020"
"NDUFB2","hsa05020"
"NDUFB3","hsa05020"
"NDUFB4","hsa05020"
"NDUFB5","hsa05020"
"NDUFB6","hsa05020"
"NDUFB7","hsa05020"
"NDUFB8","hsa05020"
"NDUFB9","hsa05020"
"NDUFC1","hsa05020"
"NDUFC2","hsa05020"
"NDUFS1","hsa05020"
"NDUFS2","hsa05020"
"NDUFS3","hsa05020"
"NDUFS4","hsa05020"
"NDUFS5","hsa05020"
"NDUFS6","hsa05020"
"NDUFS7","hsa05020"
"NDUFS8","hsa05020"
"NDUFV1","hsa05020"
"NDUFV2","hsa05020"
"NDUFV3","hsa05020"
"PIK3CA","hsa05020"
"PIK3R1","hsa05020"
"PIK3R2","hsa05020"
"PSMA1","hsa05020"
"PSMA2","hsa05020"
"PSMA3","hsa05020"
"PSMA4","hsa05020"
"PSMA5","hsa05020"
"PSMA6","hsa05020"
"PSMA7","hsa05020"
"PSMB1","hsa05020"
"PSMB2","hsa05020"
"PSMB3","hsa05020"
"PSMB4","hsa05020"
"PSMB6","hsa05020"
"PSMB7","hsa05020"
"PSMC1","hsa05020"
"PSMC2","hsa05020"
"PSMC3","hsa05020"
"PSMC4","hsa05020"
"PSMC5","hsa05020"
"PSMC6","hsa05020"
"PSMD1","hsa05020"
"PSMD11","hsa05020"
"PSMD12","hsa05020"
"PSMD14","hsa05020"
"PSMD2","hsa05020"
"PSMD3","hsa05020"
"PSMD4","hsa05020"
"PSMD7","hsa05020"
"PSMD8","hsa05020"
"RAC1","hsa05020"
"SDHA","hsa05020"
"SDHB","hsa05020"
"SDHC","hsa05020"
"SDHD","hsa05020"
"TNF","hsa05020"
"TUBA1A","hsa05020"
"TUBA1B","hsa05020"
"TUBB3","hsa05020"
"UQCR11","hsa05020"
"UQCRB","hsa05020"
"UQCRC1","hsa05020"
"UQCRC2","hsa05020"
"UQCRFS1","hsa05020"
"UQCRH","hsa05020"
"UQCRQ","hsa05020"
"ADRM1","hsa05012"
"BCL2L1","hsa05012"
"CAMK2A","hsa05012"
"CAMK2B","hsa05012"
"CAMK2D","hsa05012"
"COX5A","hsa05012"
"CYC1","hsa05012"
"EIF2S1","hsa05012"
"ITPR1","hsa05012"
"NDUFA1","hsa05012"
"NDUFA10","hsa05012"
"NDUFA11","hsa05012"
"NDUFA12","hsa05012"
"NDUFA13","hsa05012"
"NDUFA2","hsa05012"
"NDUFA3","hsa05012"
"NDUFA5","hsa05012"
"NDUFA6","hsa05012"
"NDUFA7","hsa05012"
"NDUFA8","hsa05012"
"NDUFA9","hsa05012"
"NDUFAB1","hsa05012"
"NDUFB1","hsa05012"
"NDUFB10","hsa05012"
"NDUFB11","hsa05012"
"NDUFB2","hsa05012"
"NDUFB3","hsa05012"
"NDUFB4","hsa05012"
"NDUFB5","hsa05012"
"NDUFB6","hsa05012"
"NDUFB7","hsa05012"
"NDUFB8","hsa05012"
"NDUFB9","hsa05012"
"NDUFC1","hsa05012"
"NDUFC2","hsa05012"
"NDUFS1","hsa05012"
"NDUFS2","hsa05012"
"NDUFS3","hsa05012"
"NDUFS4","hsa05012"
"NDUFS5","hsa05012"
"NDUFS6","hsa05012"
"NDUFS7","hsa05012"
"NDUFS8","hsa05012"
"NDUFV1","hsa05012"
"NDUFV2","hsa05012"
"NDUFV3","hsa05012"
"PLCG1","hsa05012"
"PSMA1","hsa05012"
"PSMA2","hsa05012"
"PSMA3","hsa05012"
"PSMA4","hsa05012"
"PSMA5","hsa05012"
"PSMA6","hsa05012"
"PSMA7","hsa05012"
"PSMB1","hsa05012"
"PSMB2","hsa05012"
"PSMB3","hsa05012"
"PSMB4","hsa05012"
"PSMB6","hsa05012"
"PSMB7","hsa05012"
"PSMC1","hsa05012"
"PSMC2","hsa05012"
"PSMC3","hsa05012"
"PSMC4","hsa05012"
"PSMC5","hsa05012"
"PSMC6","hsa05012"
"PSMD1","hsa05012"
"PSMD11","hsa05012"
"PSMD12","hsa05012"
"PSMD14","hsa05012"
"PSMD2","hsa05012"
"PSMD3","hsa05012"
"PSMD4","hsa05012"
"PSMD7","hsa05012"
"PSMD8","hsa05012"
"RPS27A","hsa05012"
"SDHA","hsa05012"
"SDHB","hsa05012"
"SDHC","hsa05012"
"SDHD","hsa05012"
"TP53","hsa05012"
"TUBA1A","hsa05012"
"TUBA1B","hsa05012"
"TUBB3","hsa05012"
"TXN","hsa05012"
"UBA1","hsa05012"
"UBA52","hsa05012"
"UBB","hsa05012"
"UQCR11","hsa05012"
"UQCRB","hsa05012"
"UQCRC1","hsa05012"
"UQCRC2","hsa05012"
"UQCRFS1","hsa05012"
"UQCRH","hsa05012"
"UQCRQ","hsa05012"
"AKT1","hsa04932"
"BCL2L11","hsa04932"
"CASP8","hsa04932"
"CDC42","hsa04932"
"COX5A","hsa04932"
"CXCL8","hsa04932"
"CYC1","hsa04932"
"EIF2S1","hsa04932"
"IL1B","hsa04932"
"IL6","hsa04932"
"IRS1","hsa04932"
"JUN","hsa04932"
"MAPK14","hsa04932"
"NDUFA1","hsa04932"
"NDUFA10","hsa04932"
"NDUFA11","hsa04932"
"NDUFA12","hsa04932"
"NDUFA13","hsa04932"
"NDUFA2","hsa04932"
"NDUFA3","hsa04932"
"NDUFA5","hsa04932"
"NDUFA6","hsa04932"
"NDUFA7","hsa04932"
"NDUFA8","hsa04932"
"NDUFA9","hsa04932"
"NDUFAB1","hsa04932"
"NDUFB1","hsa04932"
"NDUFB10","hsa04932"
"NDUFB11","hsa04932"
"NDUFB2","hsa04932"
"NDUFB3","hsa04932"
"NDUFB4","hsa04932"
"NDUFB5","hsa04932"
"NDUFB6","hsa04932"
"NDUFB7","hsa04932"
"NDUFB8","hsa04932"
"NDUFB9","hsa04932"
"NDUFC1","hsa04932"
"NDUFC2","hsa04932"
"NDUFS1","hsa04932"
"NDUFS2","hsa04932"
"NDUFS3","hsa04932"
"NDUFS4","hsa04932"
"NDUFS5","hsa04932"
"NDUFS6","hsa04932"
"NDUFS7","hsa04932"
"NDUFS8","hsa04932"
"NDUFV1","hsa04932"
"NDUFV2","hsa04932"
"NDUFV3","hsa04932"
"PIK3CA","hsa04932"
"PIK3R1","hsa04932"
"PIK3R2","hsa04932"
"PPARA","hsa04932"
"RAC1","hsa04932"
"RXRA","hsa04932"
"SDHA","hsa04932"
"SDHB","hsa04932"
"SDHC","hsa04932"
"SDHD","hsa04932"
"SREBF1","hsa04932"
"TGFB1","hsa04932"
"TNF","hsa04932"
"UQCR11","hsa04932"
"UQCRB","hsa04932"
"UQCRC1","hsa04932"
"UQCRC2","hsa04932"
"UQCRFS1","hsa04932"
"UQCRH","hsa04932"
"UQCRQ","hsa04932"
"ADRM1","hsa05022"
"APP","hsa05022"
"ATP2A2","hsa05022"
"ATXN2","hsa05022"
"ATXN3","hsa05022"
"BAD","hsa05022"
"BCL2L1","hsa05022"
"BRAF","hsa05022"
"CAMK2A","hsa05022"
"CAMK2B","hsa05022"
"CAMK2D","hsa05022"
"CASP8","hsa05022"
"CHMP2B","hsa05022"
"COX5A","hsa05022"
"CSF1","hsa05022"
"CYC1","hsa05022"
"DKK1","hsa05022"
"DLG4","hsa05022"
"EIF2S1","hsa05022"
"FADD","hsa05022"
"HRAS","hsa05022"
"IFT57","hsa05022"
"IL1B","hsa05022"
"IL6","hsa05022"
"ITPR1","hsa05022"
"KRAS","hsa05022"
"LRP5","hsa05022"
"LRP6","hsa05022"
"MAP2K1","hsa05022"
"MAP2K2","hsa05022"
"MAPK1","hsa05022"
"MAPK14","hsa05022"
"MTOR","hsa05022"
"NDUFA1","hsa05022"
"NDUFA10","hsa05022"
"NDUFA11","hsa05022"
"NDUFA12","hsa05022"
"NDUFA13","hsa05022"
"NDUFA2","hsa05022"
"NDUFA3","hsa05022"
"NDUFA5","hsa05022"
"NDUFA6","hsa05022"
"NDUFA7","hsa05022"
"NDUFA8","hsa05022"
"NDUFA9","hsa05022"
"NDUFAB1","hsa05022"
"NDUFB1","hsa05022"
"NDUFB10","hsa05022"
"NDUFB11","hsa05022"
"NDUFB2","hsa05022"
"NDUFB3","hsa05022"
"NDUFB4","hsa05022"
"NDUFB5","hsa05022"
"NDUFB6","hsa05022"
"NDUFB7","hsa05022"
"NDUFB8","hsa05022"
"NDUFB9","hsa05022"
"NDUFC1","hsa05022"
"NDUFC2","hsa05022"
"NDUFS1","hsa05022"
"NDUFS2","hsa05022"
"NDUFS3","hsa05022"
"NDUFS4","hsa05022"
"NDUFS5","hsa05022"
"NDUFS6","hsa05022"
"NDUFS7","hsa05022"
"NDUFS8","hsa05022"
"NDUFV1","hsa05022"
"NDUFV2","hsa05022"
"NDUFV3","hsa05022"
"NOS2","hsa05022"
"NRAS","hsa05022"
"PLCG1","hsa05022"
"PSEN1","hsa05022"
"PSEN2","hsa05022"
"PSMA1","hsa05022"
"PSMA2","hsa05022"
"PSMA3","hsa05022"
"PSMA4","hsa05022"
"PSMA5","hsa05022"
"PSMA6","hsa05022"
"PSMA7","hsa05022"
"PSMB1","hsa05022"
"PSMB2","hsa05022"
"PSMB3","hsa05022"
"PSMB4","hsa05022"
"PSMB6","hsa05022"
"PSMB7","hsa05022"
"PSMC1","hsa05022"
"PSMC2","hsa05022"
"PSMC3","hsa05022"
"PSMC4","hsa05022"
"PSMC5","hsa05022"
"PSMC6","hsa05022"
"PSMD1","hsa05022"
"PSMD11","hsa05022"
"PSMD12","hsa05022"
"PSMD14","hsa05022"
"PSMD2","hsa05022"
"PSMD3","hsa05022"
"PSMD4","hsa05022"
"PSMD7","hsa05022"
"PSMD8","hsa05022"
"RAC1","hsa05022"
"RAF1","hsa05022"
"RPS27A","hsa05022"
"SDHA","hsa05022"
"SDHB","hsa05022"
"SDHC","hsa05022"
"SDHD","hsa05022"
"TNF","hsa05022"
"TUBA1A","hsa05022"
"TUBA1B","hsa05022"
"TUBB3","hsa05022"
"UBA1","hsa05022"
"UBA52","hsa05022"
"UBB","hsa05022"
"ULK1","hsa05022"
"UQCR11","hsa05022"
"UQCRB","hsa05022"
"UQCRC1","hsa05022"
"UQCRC2","hsa05022"
"UQCRFS1","hsa05022"
"UQCRH","hsa05022"
"UQCRQ","hsa05022"
"WNT3A","hsa05022"
"WNT5A","hsa05022"
"ADRM1","hsa05016"
"CASP8","hsa05016"
"COX5A","hsa05016"
"CREB3L1","hsa05016"
"CYC1","hsa05016"
"DLG4","hsa05016"
"EP300","hsa05016"
"HDAC2","hsa05016"
"IFT57","hsa05016"
"ITPR1","hsa05016"
"MTOR","hsa05016"
"NDUFA1","hsa05016"
"NDUFA10","hsa05016"
"NDUFA11","hsa05016"
"NDUFA12","hsa05016"
"NDUFA13","hsa05016"
"NDUFA2","hsa05016"
"NDUFA3","hsa05016"
"NDUFA5","hsa05016"
"NDUFA6","hsa05016"
"NDUFA7","hsa05016"
"NDUFA8","hsa05016"
"NDUFA9","hsa05016"
"NDUFAB1","hsa05016"
"NDUFB1","hsa05016"
"NDUFB10","hsa05016"
"NDUFB11","hsa05016"
"NDUFB2","hsa05016"
"NDUFB3","hsa05016"
"NDUFB4","hsa05016"
"NDUFB5","hsa05016"
"NDUFB6","hsa05016"
"NDUFB7","hsa05016"
"NDUFB8","hsa05016"
"NDUFB9","hsa05016"
"NDUFC1","hsa05016"
"NDUFC2","hsa05016"
"NDUFS1","hsa05016"
"NDUFS2","hsa05016"
"NDUFS3","hsa05016"
"NDUFS4","hsa05016"
"NDUFS5","hsa05016"
"NDUFS6","hsa05016"
"NDUFS7","hsa05016"
"NDUFS8","hsa05016"
"NDUFV1","hsa05016"
"NDUFV2","hsa05016"
"NDUFV3","hsa05016"
"PPARGC1A","hsa05016"
"PSMA1","hsa05016"
"PSMA2","hsa05016"
"PSMA3","hsa05016"
"PSMA4","hsa05016"
"PSMA5","hsa05016"
"PSMA6","hsa05016"
"PSMA7","hsa05016"
"PSMB1","hsa05016"
"PSMB2","hsa05016"
"PSMB3","hsa05016"
"PSMB4","hsa05016"
"PSMB6","hsa05016"
"PSMB7","hsa05016"
"PSMC1","hsa05016"
"PSMC2","hsa05016"
"PSMC3","hsa05016"
"PSMC4","hsa05016"
"PSMC5","hsa05016"
"PSMC6","hsa05016"
"PSMD1","hsa05016"
"PSMD11","hsa05016"
"PSMD12","hsa05016"
"PSMD14","hsa05016"
"PSMD2","hsa05016"
"PSMD3","hsa05016"
"PSMD4","hsa05016"
"PSMD7","hsa05016"
"PSMD8","hsa05016"
"SDHA","hsa05016"
"SDHB","hsa05016"
"SDHC","hsa05016"
"SDHD","hsa05016"
"SLC1A3","hsa05016"
"TP53","hsa05016"
"TUBA1A","hsa05016"
"TUBA1B","hsa05016"
"TUBB3","hsa05016"
"ULK1","hsa05016"
"UQCR11","hsa05016"
"UQCRB","hsa05016"
"UQCRC1","hsa05016"
"UQCRC2","hsa05016"
"UQCRFS1","hsa05016"
"UQCRH","hsa05016"
"UQCRQ","hsa05016"
"AKT1","hsa04012"
"AREG","hsa04012"
"BAD","hsa04012"
"BRAF","hsa04012"
"BTC","hsa04012"
"CAMK2A","hsa04012"
"CAMK2B","hsa04012"
"CAMK2D","hsa04012"
"CBL","hsa04012"
"CBLB","hsa04012"
"CRK","hsa04012"
"EGF","hsa04012"
"EGFR","hsa04012"
"EIF4EBP1","hsa04012"
"ERBB2","hsa04012"
"ERBB3","hsa04012"
"EREG","hsa04012"
"GAB1","hsa04012"
"GRB2","hsa04012"
"HBEGF","hsa04012"
"HRAS","hsa04012"
"JUN","hsa04012"
"KRAS","hsa04012"
"MAP2K1","hsa04012"
"MAP2K2","hsa04012"
"MAPK1","hsa04012"
"MTOR","hsa04012"
"NCK1","hsa04012"
"NRAS","hsa04012"
"NRG1","hsa04012"
"NRG2","hsa04012"
"PAK1","hsa04012"
"PAK2","hsa04012"
"PAK3","hsa04012"
"PIK3CA","hsa04012"
"PIK3R1","hsa04012"
"PIK3R2","hsa04012"
"PLCG1","hsa04012"
"PLCG2","hsa04012"
"RAF1","hsa04012"
"RPS6KB1","hsa04012"
"SHC1","hsa04012"
"SHC3","hsa04012"
"SOS1","hsa04012"
"SRC","hsa04012"
"STAT5A","hsa04012"
"STAT5B","hsa04012"
"TGFA","hsa04012"
"ACTB","hsa05014"
"ADRM1","hsa05014"
"ANXA7","hsa05014"
"ATXN2","hsa05014"
"BAD","hsa05014"
"BCL2L1","hsa05014"
"CASP1","hsa05014"
"CHMP2B","hsa05014"
"COX5A","hsa05014"
"CYC1","hsa05014"
"EIF2S1","hsa05014"
"MAPK14","hsa05014"
"MTOR","hsa05014"
"NDUFA1","hsa05014"
"NDUFA10","hsa05014"
"NDUFA11","hsa05014"
"NDUFA12","hsa05014"
"NDUFA13","hsa05014"
"NDUFA2","hsa05014"
"NDUFA3","hsa05014"
"NDUFA5","hsa05014"
"NDUFA6","hsa05014"
"NDUFA7","hsa05014"
"NDUFA8","hsa05014"
"NDUFA9","hsa05014"
"NDUFAB1","hsa05014"
"NDUFB1","hsa05014"
"NDUFB10","hsa05014"
"NDUFB11","hsa05014"
"NDUFB2","hsa05014"
"NDUFB3","hsa05014"
"NDUFB4","hsa05014"
"NDUFB5","hsa05014"
"NDUFB6","hsa05014"
"NDUFB7","hsa05014"
"NDUFB8","hsa05014"
"NDUFB9","hsa05014"
"NDUFC1","hsa05014"
"NDUFC2","hsa05014"
"NDUFS1","hsa05014"
"NDUFS2","hsa05014"
"NDUFS3","hsa05014"
"NDUFS4","hsa05014"
"NDUFS5","hsa05014"
"NDUFS6","hsa05014"
"NDUFS7","hsa05014"
"NDUFS8","hsa05014"
"NDUFV1","hsa05014"
"NDUFV2","hsa05014"
"NDUFV3","hsa05014"
"NOS2","hsa05014"
"NRG1","hsa05014"
"NRG2","hsa05014"
"NUP50","hsa05014"
"PFN1","hsa05014"
"PSMA1","hsa05014"
"PSMA2","hsa05014"
"PSMA3","hsa05014"
"PSMA4","hsa05014"
"PSMA5","hsa05014"
"PSMA6","hsa05014"
"PSMA7","hsa05014"
"PSMB1","hsa05014"
"PSMB2","hsa05014"
"PSMB3","hsa05014"
"PSMB4","hsa05014"
"PSMB6","hsa05014"
"PSMB7","hsa05014"
"PSMC1","hsa05014"
"PSMC2","hsa05014"
"PSMC3","hsa05014"
"PSMC4","hsa05014"
"PSMC5","hsa05014"
"PSMC6","hsa05014"
"PSMD1","hsa05014"
"PSMD11","hsa05014"
"PSMD12","hsa05014"
"PSMD14","hsa05014"
"PSMD2","hsa05014"
"PSMD3","hsa05014"
"PSMD4","hsa05014"
"PSMD7","hsa05014"
"PSMD8","hsa05014"
"RAC1","hsa05014"
"SDHA","hsa05014"
"SDHB","hsa05014"
"SDHC","hsa05014"
"SDHD","hsa05014"
"SRSF3","hsa05014"
"SRSF7","hsa05014"
"TNF","hsa05014"
"TP53","hsa05014"
"TUBA1A","hsa05014"
"TUBA1B","hsa05014"
"TUBB3","hsa05014"
"ULK1","hsa05014"
"UQCR11","hsa05014"
"UQCRB","hsa05014"
"UQCRC1","hsa05014"
"UQCRC2","hsa05014"
"UQCRFS1","hsa05014"
"UQCRH","hsa05014"
"UQCRQ","hsa05014"
"ACTB","hsa04714"
"AKT1S1","hsa04714"
"BMP8B","hsa04714"
"COX17","hsa04714"
"COX19","hsa04714"
"COX5A","hsa04714"
"CREB3L1","hsa04714"
"CYC1","hsa04714"
"GRB2","hsa04714"
"HRAS","hsa04714"
"KRAS","hsa04714"
"MAPK14","hsa04714"
"MLST8","hsa04714"
"MTOR","hsa04714"
"NDUFA1","hsa04714"
"NDUFA10","hsa04714"
"NDUFA11","hsa04714"
"NDUFA12","hsa04714"
"NDUFA13","hsa04714"
"NDUFA2","hsa04714"
"NDUFA3","hsa04714"
"NDUFA5","hsa04714"
"NDUFA6","hsa04714"
"NDUFA7","hsa04714"
"NDUFA8","hsa04714"
"NDUFA9","hsa04714"
"NDUFAB1","hsa04714"
"NDUFAF1","hsa04714"
"NDUFAF4","hsa04714"
"NDUFAF5","hsa04714"
"NDUFB1","hsa04714"
"NDUFB10","hsa04714"
"NDUFB11","hsa04714"
"NDUFB2","hsa04714"
"NDUFB3","hsa04714"
"NDUFB4","hsa04714"
"NDUFB5","hsa04714"
"NDUFB6","hsa04714"
"NDUFB7","hsa04714"
"NDUFB8","hsa04714"
"NDUFB9","hsa04714"
"NDUFC1","hsa04714"
"NDUFC2","hsa04714"
"NDUFS1","hsa04714"
"NDUFS2","hsa04714"
"NDUFS3","hsa04714"
"NDUFS4","hsa04714"
"NDUFS5","hsa04714"
"NDUFS6","hsa04714"
"NDUFS7","hsa04714"
"NDUFS8","hsa04714"
"NDUFV1","hsa04714"
"NDUFV2","hsa04714"
"NDUFV3","hsa04714"
"NPPA","hsa04714"
"NPPB","hsa04714"
"NRAS","hsa04714"
"PPARGC1A","hsa04714"
"RHEB","hsa04714"
"RPS6","hsa04714"
"RPS6KB1","hsa04714"
"RPTOR","hsa04714"
"SDHA","hsa04714"
"SDHB","hsa04714"
"SDHC","hsa04714"
"SDHD","hsa04714"
"SOS1","hsa04714"
"TSC1","hsa04714"
"TSC2","hsa04714"
"UQCR11","hsa04714"
"UQCRB","hsa04714"
"UQCRC1","hsa04714"
"UQCRC2","hsa04714"
"UQCRFS1","hsa04714"
"UQCRH","hsa04714"
"UQCRQ","hsa04714"
"AKT1","hsa05208"
"BAD","hsa05208"
"BRAF","hsa05208"
"COX5A","hsa05208"
"CYC1","hsa05208"
"EGF","hsa05208"
"EGFR","hsa05208"
"GRB2","hsa05208"
"HRAS","hsa05208"
"JUN","hsa05208"
"KRAS","hsa05208"
"MAP2K1","hsa05208"
"MAP2K2","hsa05208"
"MAPK1","hsa05208"
"MAPK14","hsa05208"
"NDUFA1","hsa05208"
"NDUFA10","hsa05208"
"NDUFA11","hsa05208"
"NDUFA12","hsa05208"
"NDUFA13","hsa05208"
"NDUFA2","hsa05208"
"NDUFA3","hsa05208"
"NDUFA5","hsa05208"
"NDUFA6","hsa05208"
"NDUFA7","hsa05208"
"NDUFA8","hsa05208"
"NDUFA9","hsa05208"
"NDUFAB1","hsa05208"
"NDUFB1","hsa05208"
"NDUFB10","hsa05208"
"NDUFB11","hsa05208"
"NDUFB2","hsa05208"
"NDUFB3","hsa05208"
"NDUFB4","hsa05208"
"NDUFB5","hsa05208"
"NDUFB6","hsa05208"
"NDUFB7","hsa05208"
"NDUFB8","hsa05208"
"NDUFB9","hsa05208"
"NDUFC1","hsa05208"
"NDUFC2","hsa05208"
"NDUFS1","hsa05208"
"NDUFS2","hsa05208"
"NDUFS3","hsa05208"
"NDUFS4","hsa05208"
"NDUFS5","hsa05208"
"NDUFS6","hsa05208"
"NDUFS7","hsa05208"
"NDUFS8","hsa05208"
"NDUFV1","hsa05208"
"NDUFV2","hsa05208"
"NDUFV3","hsa05208"
"NRAS","hsa05208"
"PIK3CA","hsa05208"
"PIK3R1","hsa05208"
"PIK3R2","hsa05208"
"PTPN1","hsa05208"
"PTPN11","hsa05208"
"RAC1","hsa05208"
"RAF1","hsa05208"
"SDHA","hsa05208"
"SDHB","hsa05208"
"SDHC","hsa05208"
"SDHD","hsa05208"
"SOS1","hsa05208"
"SRC","hsa05208"
"UQCR11","hsa05208"
"UQCRB","hsa05208"
"UQCRC1","hsa05208"
"UQCRC2","hsa05208"
"UQCRFS1","hsa05208"
"UQCRH","hsa05208"
"UQCRQ","hsa05208"
"AKT1","hsa05415"
"ATP2A2","hsa05415"
"CAMK2A","hsa05415"
"CAMK2B","hsa05415"
"CAMK2D","hsa05415"
"COX5A","hsa05415"
"CYC1","hsa05415"
"IRS1","hsa05415"
"MAPK14","hsa05415"
"MTOR","hsa05415"
"NDUFA1","hsa05415"
"NDUFA10","hsa05415"
"NDUFA11","hsa05415"
"NDUFA12","hsa05415"
"NDUFA13","hsa05415"
"NDUFA2","hsa05415"
"NDUFA3","hsa05415"
"NDUFA5","hsa05415"
"NDUFA6","hsa05415"
"NDUFA7","hsa05415"
"NDUFA8","hsa05415"
"NDUFA9","hsa05415"
"NDUFAB1","hsa05415"
"NDUFB1","hsa05415"
"NDUFB10","hsa05415"
"NDUFB11","hsa05415"
"NDUFB2","hsa05415"
"NDUFB3","hsa05415"
"NDUFB4","hsa05415"
"NDUFB5","hsa05415"
"NDUFB6","hsa05415"
"NDUFB7","hsa05415"
"NDUFB8","hsa05415"
"NDUFB9","hsa05415"
"NDUFC1","hsa05415"
"NDUFC2","hsa05415"
"NDUFS1","hsa05415"
"NDUFS2","hsa05415"
"NDUFS3","hsa05415"
"NDUFS4","hsa05415"
"NDUFS5","hsa05415"
"NDUFS6","hsa05415"
"NDUFS7","hsa05415"
"NDUFS8","hsa05415"
"NDUFV1","hsa05415"
"NDUFV2","hsa05415"
"NDUFV3","hsa05415"
"PIK3CA","hsa05415"
"PIK3R1","hsa05415"
"PIK3R2","hsa05415"
"PLN","hsa05415"
"PPARA","hsa05415"
"RAC1","hsa05415"
"SDHA","hsa05415"
"SDHB","hsa05415"
"SDHC","hsa05415"
"SDHD","hsa05415"
"TGFB1","hsa05415"
"TGFB3","hsa05415"
"TGFBR1","hsa05415"
"TGFBR2","hsa05415"
"UQCR11","hsa05415"
"UQCRB","hsa05415"
"UQCRC1","hsa05415"
"UQCRC2","hsa05415"
"UQCRFS1","hsa05415"
"UQCRH","hsa05415"
"UQCRQ","hsa05415"
"AKT1","hsa01521"
"AXL","hsa01521"
"BAD","hsa01521"
"BCL2L1","hsa01521"
"BCL2L11","hsa01521"
"BRAF","hsa01521"
"EGF","hsa01521"
"EGFR","hsa01521"
"EIF4E","hsa01521"
"EIF4EBP1","hsa01521"
"ERBB2","hsa01521"
"ERBB3","hsa01521"
"GAB1","hsa01521"
"GAS6","hsa01521"
"GRB2","hsa01521"
"HRAS","hsa01521"
"IL6","hsa01521"
"KRAS","hsa01521"
"MAP2K1","hsa01521"
"MAP2K2","hsa01521"
"MAPK1","hsa01521"
"MTOR","hsa01521"
"NRAS","hsa01521"
"NRG1","hsa01521"
"NRG2","hsa01521"
"PIK3CA","hsa01521"
"PIK3R1","hsa01521"
"PIK3R2","hsa01521"
"PLCG1","hsa01521"
"PLCG2","hsa01521"
"RAF1","hsa01521"
"RPS6","hsa01521"
"RPS6KB1","hsa01521"
"SHC1","hsa01521"
"SHC3","hsa01521"
"SOS1","hsa01521"
"SRC","hsa01521"
"STAT3","hsa01521"
"TGFA","hsa01521"
"COX17","hsa00190"
"COX5A","hsa00190"
"CYC1","hsa00190"
"NDUFA1","hsa00190"
"NDUFA10","hsa00190"
"NDUFA11","hsa00190"
"NDUFA12","hsa00190"
"NDUFA13","hsa00190"
"NDUFA2","hsa00190"
"NDUFA3","hsa00190"
"NDUFA5","hsa00190"
"NDUFA6","hsa00190"
"NDUFA7","hsa00190"
"NDUFA8","hsa00190"
"NDUFA9","hsa00190"
"NDUFAB1","hsa00190"
"NDUFB1","hsa00190"
"NDUFB10","hsa00190"
"NDUFB11","hsa00190"
"NDUFB2","hsa00190"
"NDUFB3","hsa00190"
"NDUFB4","hsa00190"
"NDUFB5","hsa00190"
"NDUFB6","hsa00190"
"NDUFB7","hsa00190"
"NDUFB8","hsa00190"
"NDUFB9","hsa00190"
"NDUFC1","hsa00190"
"NDUFC2","hsa00190"
"NDUFS1","hsa00190"
"NDUFS2","hsa00190"
"NDUFS3","hsa00190"
"NDUFS4","hsa00190"
"NDUFS5","hsa00190"
"NDUFS6","hsa00190"
"NDUFS7","hsa00190"
"NDUFS8","hsa00190"
"NDUFV1","hsa00190"
"NDUFV2","hsa00190"
"NDUFV3","hsa00190"
"SDHA","hsa00190"
"SDHB","hsa00190"
"SDHC","hsa00190"
"SDHD","hsa00190"
"UQCR11","hsa00190"
"UQCRB","hsa00190"
"UQCRC1","hsa00190"
"UQCRC2","hsa00190"
"UQCRFS1","hsa00190"
"UQCRH","hsa00190"
"UQCRQ","hsa00190"
"ADRM1","hsa03050"
"PSMA1","hsa03050"
"PSMA2","hsa03050"
"PSMA3","hsa03050"
"PSMA4","hsa03050"
"PSMA5","hsa03050"
"PSMA6","hsa03050"
"PSMA7","hsa03050"
"PSMB1","hsa03050"
"PSMB2","hsa03050"
"PSMB3","hsa03050"
"PSMB4","hsa03050"
"PSMB6","hsa03050"
"PSMB7","hsa03050"
"PSMC1","hsa03050"
"PSMC2","hsa03050"
"PSMC3","hsa03050"
"PSMC4","hsa03050"
"PSMC5","hsa03050"
"PSMC6","hsa03050"
"PSMD1","hsa03050"
"PSMD11","hsa03050"
"PSMD12","hsa03050"
"PSMD14","hsa03050"
"PSMD2","hsa03050"
"PSMD3","hsa03050"
"PSMD4","hsa03050"
"PSMD7","hsa03050"
"PSMD8","hsa03050"
"AKT1","hsa05220"
"BAD","hsa05220"
"BCL2L1","hsa05220"
"BRAF","hsa05220"
"CBL","hsa05220"
"CRK","hsa05220"
"CTBP1","hsa05220"
"GRB2","hsa05220"
"HDAC2","hsa05220"
"HRAS","hsa05220"
"KRAS","hsa05220"
"MAP2K1","hsa05220"
"MAP2K2","hsa05220"
"MAPK1","hsa05220"
"MDM2","hsa05220"
"NRAS","hsa05220"
"PIK3CA","hsa05220"
"PIK3R1","hsa05220"
"PIK3R2","hsa05220"
"PTPN11","hsa05220"
"RAF1","hsa05220"
"RB1","hsa05220"
"SHC1","hsa05220"
"SHC3","hsa05220"
"SMAD4","hsa05220"
"SOS1","hsa05220"
"STAT5A","hsa05220"
"STAT5B","hsa05220"
"TGFB1","hsa05220"
"TGFB3","hsa05220"
"TGFBR1","hsa05220"
"TGFBR2","hsa05220"
"TP53","hsa05220"
"ACTB","hsa05205"
"AKT1","hsa05205"
"BRAF","hsa05205"
"CAMK2A","hsa05205"
"CAMK2B","hsa05205"
"CAMK2D","hsa05205"
"CAV1","hsa05205"
"CBL","hsa05205"
"CD44","hsa05205"
"CDC42","hsa05205"
"DCN","hsa05205"
"DROSHA","hsa05205"
"EGFR","hsa05205"
"ERBB2","hsa05205"
"ERBB3","hsa05205"
"ESR1","hsa05205"
"FLNA","hsa05205"
"GAB1","hsa05205"
"GRB2","hsa05205"
"HBEGF","hsa05205"
"HRAS","hsa05205"
"ITGB1","hsa05205"
"ITPR1","hsa05205"
"KRAS","hsa05205"
"MAP2K1","hsa05205"
"MAP2K2","hsa05205"
"MAPK1","hsa05205"
"MAPK14","hsa05205"
"MDM2","hsa05205"
"MRAS","hsa05205"
"MTOR","hsa05205"
"NRAS","hsa05205"
"PAK1","hsa05205"
"PIK3CA","hsa05205"
"PIK3R1","hsa05205"
"PIK3R2","hsa05205"
"PLAUR","hsa05205"
"PLCG1","hsa05205"
"PLCG2","hsa05205"
"PPP1R12B","hsa05205"
"PTPN11","hsa05205"
"PXN","hsa05205"
"RAC1","hsa05205"
"RAF1","hsa05205"
"RPS6","hsa05205"
"RPS6KB1","hsa05205"
"RRAS2","hsa05205"
"SOS1","hsa05205"
"SRC","hsa05205"
"STAT3","hsa05205"
"TGFB1","hsa05205"
"TNF","hsa05205"
"TP53","hsa05205"
"WNT3A","hsa05205"
"WNT5A","hsa05205"
"AKT1","hsa05211"
"BAD","hsa05211"
"BRAF","hsa05211"
"CDC42","hsa05211"
"CRK","hsa05211"
"EP300","hsa05211"
"FH","hsa05211"
"GAB1","hsa05211"
"GRB2","hsa05211"
"HRAS","hsa05211"
"JUN","hsa05211"
"KRAS","hsa05211"
"MAP2K1","hsa05211"
"MAP2K2","hsa05211"
"MAPK1","hsa05211"
"NRAS","hsa05211"
"PAK1","hsa05211"
"PAK2","hsa05211"
"PAK3","hsa05211"
"PIK3CA","hsa05211"
"PIK3R1","hsa05211"
"PIK3R2","hsa05211"
"PTPN11","hsa05211"
"RAC1","hsa05211"
"RAF1","hsa05211"
"RAP1A","hsa05211"
"SOS1","hsa05211"
"TGFA","hsa05211"
"TGFB1","hsa05211"
"TGFB3","hsa05211"
"AKT1","hsa04218"
"ATM","hsa04218"
"ATR","hsa04218"
"CDK1","hsa04218"
"CHEK1","hsa04218"
"CHEK2","hsa04218"
"CXCL8","hsa04218"
"EIF4EBP1","hsa04218"
"HRAS","hsa04218"
"HUS1","hsa04218"
"IL6","hsa04218"
"ITPR1","hsa04218"
"KRAS","hsa04218"
"LIN37","hsa04218"
"LIN52","hsa04218"
"LIN54","hsa04218"
"LIN9","hsa04218"
"MAP2K1","hsa04218"
"MAP2K2","hsa04218"
"MAPK1","hsa04218"
"MAPK14","hsa04218"
"MDM2","hsa04218"
"MRAS","hsa04218"
"MTOR","hsa04218"
"MYBL2","hsa04218"
"NRAS","hsa04218"
"PIK3CA","hsa04218"
"PIK3R1","hsa04218"
"PIK3R2","hsa04218"
"RAD1","hsa04218"
"RAD9A","hsa04218"
"RAF1","hsa04218"
"RASSF5","hsa04218"
"RB1","hsa04218"
"RBBP4","hsa04218"
"RBL1","hsa04218"
"RHEB","hsa04218"
"RRAS2","hsa04218"
"SIRT1","hsa04218"
"TGFB1","hsa04218"
"TGFB3","hsa04218"
"TGFBR1","hsa04218"
"TGFBR2","hsa04218"
"TP53","hsa04218"
"TSC1","hsa04218"
"TSC2","hsa04218"
"AKT1","hsa04150"
"AKT1S1","hsa04150"
"BRAF","hsa04150"
"DEPTOR","hsa04150"
"EIF4E","hsa04150"
"EIF4EBP1","hsa04150"
"GRB2","hsa04150"
"HRAS","hsa04150"
"IRS1","hsa04150"
"KRAS","hsa04150"
"LAMTOR1","hsa04150"
"LAMTOR2","hsa04150"
"LAMTOR3","hsa04150"
"LAMTOR4","hsa04150"
"LAMTOR5","hsa04150"
"LPIN1","hsa04150"
"LRP5","hsa04150"
"LRP6","hsa04150"
"MAP2K1","hsa04150"
"MAP2K2","hsa04150"
"MAPK1","hsa04150"
"MLST8","hsa04150"
"MTOR","hsa04150"
"NRAS","hsa04150"
"PIK3CA","hsa04150"
"PIK3R1","hsa04150"
"PIK3R2","hsa04150"
"RAF1","hsa04150"
"RHEB","hsa04150"
"RICTOR","hsa04150"
"RPS6","hsa04150"
"RPS6KB1","hsa04150"
"RPTOR","hsa04150"
"RRAGA","hsa04150"
"RRAGB","hsa04150"
"RRAGC","hsa04150"
"RRAGD","hsa04150"
"SLC38A9","hsa04150"
"SOS1","hsa04150"
"TNF","hsa04150"
"TSC1","hsa04150"
"TSC2","hsa04150"
"TTI1","hsa04150"
"ULK1","hsa04150"
"WNT3A","hsa04150"
"WNT5A","hsa04150"
"AKT1","hsa05223"
"BAD","hsa05223"
"BRAF","hsa05223"
"EGF","hsa05223"
"EGFR","hsa05223"
"ERBB2","hsa05223"
"GRB2","hsa05223"
"HRAS","hsa05223"
"KRAS","hsa05223"
"MAP2K1","hsa05223"
"MAP2K2","hsa05223"
"MAPK1","hsa05223"
"NRAS","hsa05223"
"PIK3CA","hsa05223"
"PIK3R1","hsa05223"
"PIK3R2","hsa05223"
"PLCG1","hsa05223"
"PLCG2","hsa05223"
"RAF1","hsa05223"
"RASSF1","hsa05223"
"RASSF5","hsa05223"
"RB1","hsa05223"
"RXRA","hsa05223"
"SOS1","hsa05223"
"STAT3","hsa05223"
"STAT5A","hsa05223"
"STAT5B","hsa05223"
"STK4","hsa05223"
"TGFA","hsa05223"
"TP53","hsa05223"
"AKT1","hsa05210"
"AREG","hsa05210"
"BAD","hsa05210"
"BCL2L11","hsa05210"
"BIRC5","hsa05210"
"BRAF","hsa05210"
"EGF","hsa05210"
"EGFR","hsa05210"
"EREG","hsa05210"
"GRB2","hsa05210"
"HRAS","hsa05210"
"JUN","hsa05210"
"KRAS","hsa05210"
"MAP2K1","hsa05210"
"MAP2K2","hsa05210"
"MAPK1","hsa05210"
"MTOR","hsa05210"
"NRAS","hsa05210"
"PIK3CA","hsa05210"
"PIK3R1","hsa05210"
"PIK3R2","hsa05210"
"RAC1","hsa05210"
"RAF1","hsa05210"
"RPS6KB1","hsa05210"
"SMAD4","hsa05210"
"SOS1","hsa05210"
"TGFA","hsa05210"
"TGFB1","hsa05210"
"TGFB3","hsa05210"
"TGFBR1","hsa05210"
"TGFBR2","hsa05210"
"TP53","hsa05210"
"AKT1","hsa05161"
"BAD","hsa05161"
"BIRC5","hsa05161"
"BRAF","hsa05161"
"CASP10","hsa05161"
"CASP8","hsa05161"
"CREB3L1","hsa05161"
"CXCL8","hsa05161"
"DDB1","hsa05161"
"EP300","hsa05161"
"FADD","hsa05161"
"GRB2","hsa05161"
"HRAS","hsa05161"
"IL6","hsa05161"
"JUN","hsa05161"
"KRAS","hsa05161"
"MAP2K1","hsa05161"
"MAP2K2","hsa05161"
"MAPK1","hsa05161"
"MAPK14","hsa05161"
"NRAS","hsa05161"
"PCNA","hsa05161"
"PIK3CA","hsa05161"
"PIK3R1","hsa05161"
"PIK3R2","hsa05161"
"RAF1","hsa05161"
"RB1","hsa05161"
"SMAD4","hsa05161"
"SOS1","hsa05161"
"SRC","hsa05161"
"STAT1","hsa05161"
"STAT3","hsa05161"
"STAT5A","hsa05161"
"STAT5B","hsa05161"
"TGFB1","hsa05161"
"TGFB3","hsa05161"
"TGFBR1","hsa05161"
"TGFBR2","hsa05161"
"TNF","hsa05161"
"TP53","hsa05161"
"TRAF3","hsa05161"
"YWHAB","hsa05161"
"YWHAQ","hsa05161"
"YWHAZ","hsa05161"
"ADRM1","hsa05017"
"AKT1","hsa05017"
"ATP2A2","hsa05017"
"ATXN2","hsa05017"
"ATXN3","hsa05017"
"ITPR1","hsa05017"
"MTOR","hsa05017"
"NOP56","hsa05017"
"PIK3CA","hsa05017"
"PIK3R1","hsa05017"
"PIK3R2","hsa05017"
"PSMA1","hsa05017"
"PSMA2","hsa05017"
"PSMA3","hsa05017"
"PSMA4","hsa05017"
"PSMA5","hsa05017"
"PSMA6","hsa05017"
"PSMA7","hsa05017"
"PSMB1","hsa05017"
"PSMB2","hsa05017"
"PSMB3","hsa05017"
"PSMB4","hsa05017"
"PSMB6","hsa05017"
"PSMB7","hsa05017"
"PSMC1","hsa05017"
"PSMC2","hsa05017"
"PSMC3","hsa05017"
"PSMC4","hsa05017"
"PSMC5","hsa05017"
"PSMC6","hsa05017"
"PSMD1","hsa05017"
"PSMD11","hsa05017"
"PSMD12","hsa05017"
"PSMD14","hsa05017"
"PSMD2","hsa05017"
"PSMD3","hsa05017"
"PSMD4","hsa05017"
"PSMD7","hsa05017"
"PSMD8","hsa05017"
"ULK1","hsa05017"
"AKT1","hsa04722"
"BAD","hsa04722"
"BRAF","hsa04722"
"CAMK2A","hsa04722"
"CAMK2B","hsa04722"
"CAMK2D","hsa04722"
"CDC42","hsa04722"
"CRK","hsa04722"
"GAB1","hsa04722"
"GRB2","hsa04722"
"HRAS","hsa04722"
"IRS1","hsa04722"
"JUN","hsa04722"
"KRAS","hsa04722"
"MAP2K1","hsa04722"
"MAP2K2","hsa04722"
"MAPK1","hsa04722"
"MAPK14","hsa04722"
"NRAS","hsa04722"
"PIK3CA","hsa04722"
"PIK3R1","hsa04722"
"PIK3R2","hsa04722"
"PLCG1","hsa04722"
"PLCG2","hsa04722"
"PSEN1","hsa04722"
"PSEN2","hsa04722"
"PTPN11","hsa04722"
"RAC1","hsa04722"
"RAF1","hsa04722"
"RAP1A","hsa04722"
"SH2B3","hsa04722"
"SHC1","hsa04722"
"SHC3","hsa04722"
"SOS1","hsa04722"
"TP53","hsa04722"
"YWHAE","hsa04722"
"AKT1","hsa05214"
"BRAF","hsa05214"
"CAMK2A","hsa05214"
"CAMK2B","hsa05214"
"CAMK2D","hsa05214"
"EGF","hsa05214"
"EGFR","hsa05214"
"GRB2","hsa05214"
"HRAS","hsa05214"
"KRAS","hsa05214"
"MAP2K1","hsa05214"
"MAP2K2","hsa05214"
"MAPK1","hsa05214"
"MDM2","hsa05214"
"MTOR","hsa05214"
"NRAS","hsa05214"
"PIK3CA","hsa05214"
"PIK3R1","hsa05214"
"PIK3R2","hsa05214"
"PLCG1","hsa05214"
"PLCG2","hsa05214"
"RAF1","hsa05214"
"RB1","hsa05214"
"SHC1","hsa05214"
"SHC3","hsa05214"
"SOS1","hsa05214"
"TGFA","hsa05214"
"TP53","hsa05214"
"AKT1","hsa05212"
"BAD","hsa05212"
"BCL2L1","hsa05212"
"BRAF","hsa05212"
"CDC42","hsa05212"
"EGF","hsa05212"
"EGFR","hsa05212"
"ERBB2","hsa05212"
"KRAS","hsa05212"
"MAP2K1","hsa05212"
"MAPK1","hsa05212"
"MTOR","hsa05212"
"PIK3CA","hsa05212"
"PIK3R1","hsa05212"
"PIK3R2","hsa05212"
"RAC1","hsa05212"
"RAF1","hsa05212"
"RB1","hsa05212"
"RPS6KB1","hsa05212"
"SMAD4","hsa05212"
"STAT1","hsa05212"
"STAT3","hsa05212"
"TGFA","hsa05212"
"TGFB1","hsa05212"
"TGFB3","hsa05212"
"TGFBR1","hsa05212"
"TGFBR2","hsa05212"
"TP53","hsa05212"
"ITPR1","hsa04723"
"MAPK1","hsa04723"
"MAPK14","hsa04723"
"NDUFA1","hsa04723"
"NDUFA10","hsa04723"
"NDUFA11","hsa04723"
"NDUFA12","hsa04723"
"NDUFA13","hsa04723"
"NDUFA2","hsa04723"
"NDUFA3","hsa04723"
"NDUFA5","hsa04723"
"NDUFA6","hsa04723"
"NDUFA7","hsa04723"
"NDUFA8","hsa04723"
"NDUFA9","hsa04723"
"NDUFAB1","hsa04723"
"NDUFB1","hsa04723"
"NDUFB10","hsa04723"
"NDUFB11","hsa04723"
"NDUFB2","hsa04723"
"NDUFB3","hsa04723"
"NDUFB4","hsa04723"
"NDUFB5","hsa04723"
"NDUFB6","hsa04723"
"NDUFB7","hsa04723"
"NDUFB8","hsa04723"
"NDUFB9","hsa04723"
"NDUFC1","hsa04723"
"NDUFC2","hsa04723"
"NDUFS1","hsa04723"
"NDUFS2","hsa04723"
"NDUFS3","hsa04723"
"NDUFS4","hsa04723"
"NDUFS5","hsa04723"
"NDUFS6","hsa04723"
"NDUFS7","hsa04723"
"NDUFS8","hsa04723"
"NDUFV1","hsa04723"
"NDUFV2","hsa04723"
"NDUFV3","hsa04723"
"AKT1","hsa01522"
"BAD","hsa01522"
"BRAF","hsa01522"
"CYP2D6","hsa01522"
"EGFR","hsa01522"
"ERBB2","hsa01522"
"ESR1","hsa01522"
"GRB2","hsa01522"
"HBEGF","hsa01522"
"HRAS","hsa01522"
"JUN","hsa01522"
"KRAS","hsa01522"
"MAP2K1","hsa01522"
"MAP2K2","hsa01522"
"MAPK1","hsa01522"
"MAPK14","hsa01522"
"MDM2","hsa01522"
"MTOR","hsa01522"
"NCOR1","hsa01522"
"NRAS","hsa01522"
"PIK3CA","hsa01522"
"PIK3R1","hsa01522"
"PIK3R2","hsa01522"
"RAF1","hsa01522"
"RB1","hsa01522"
"RPS6KB1","hsa01522"
"SHC1","hsa01522"
"SHC3","hsa01522"
"SOS1","hsa01522"
"SRC","hsa01522"
"TP53","hsa01522"
"AKT1","hsa05221"
"BAD","hsa05221"
"BRAF","hsa05221"
"CSF1R","hsa05221"
"CSF2","hsa05221"
"EIF4EBP1","hsa05221"
"FLT3","hsa05221"
"GRB2","hsa05221"
"HRAS","hsa05221"
"KIT","hsa05221"
"KRAS","hsa05221"
"MAP2K1","hsa05221"
"MAP2K2","hsa05221"
"MAPK1","hsa05221"
"MTOR","hsa05221"
"NRAS","hsa05221"
"PIK3CA","hsa05221"
"PIK3R1","hsa05221"
"PIK3R2","hsa05221"
"RAF1","hsa05221"
"RPS6KB1","hsa05221"
"SOS1","hsa05221"
"STAT3","hsa05221"
"STAT5A","hsa05221"
"STAT5B","hsa05221"
"ATM","hsa04110"
"ATR","hsa04110"
"AURKB","hsa04110"
"BUB1","hsa04110"
"CDC20","hsa04110"
"CDC45","hsa04110"
"CDC6","hsa04110"
"CDK1","hsa04110"
"CDT1","hsa04110"
"CHEK1","hsa04110"
"CHEK2","hsa04110"
"CUL1","hsa04110"
"EP300","hsa04110"
"HDAC2","hsa04110"
"MCM2","hsa04110"
"MCM3","hsa04110"
"MCM4","hsa04110"
"MCM5","hsa04110"
"MCM7","hsa04110"
"MDM2","hsa04110"
"ORC5","hsa04110"
"PCNA","hsa04110"
"PLK1","hsa04110"
"PPP2CA","hsa04110"
"PPP2CB","hsa04110"
"PRKDC","hsa04110"
"RB1","hsa04110"
"RBL1","hsa04110"
"SKP1","hsa04110"
"SMAD4","hsa04110"
"TGFB1","hsa04110"
"TGFB3","hsa04110"
"TP53","hsa04110"
"TTK","hsa04110"
"YWHAB","hsa04110"
"YWHAE","hsa04110"
"YWHAG","hsa04110"
"YWHAH","hsa04110"
"YWHAQ","hsa04110"
"YWHAZ","hsa04110"
"BRAF","hsa05219"
"CDH1","hsa05219"
"CXCL8","hsa05219"
"EGF","hsa05219"
"EGFR","hsa05219"
"ERBB2","hsa05219"
"HBEGF","hsa05219"
"HRAS","hsa05219"
"KRAS","hsa05219"
"MAP2K1","hsa05219"
"MAP2K2","hsa05219"
"MAPK1","hsa05219"
"MDM2","hsa05219"
"NRAS","hsa05219"
"RAF1","hsa05219"
"RASSF1","hsa05219"
"RB1","hsa05219"
"SRC","hsa05219"
"TP53","hsa05219"
"ACACB","hsa04910"
"AKT1","hsa04910"
"BAD","hsa04910"
"BRAF","hsa04910"
"CBL","hsa04910"
"CBLB","hsa04910"
"CRK","hsa04910"
"EIF4E","hsa04910"
"EIF4EBP1","hsa04910"
"FASN","hsa04910"
"GRB2","hsa04910"
"HRAS","hsa04910"
"IRS1","hsa04910"
"KRAS","hsa04910"
"MAP2K1","hsa04910"
"MAP2K2","hsa04910"
"MAPK1","hsa04910"
"MKNK1","hsa04910"
"MTOR","hsa04910"
"NRAS","hsa04910"
"PIK3CA","hsa04910"
"PIK3R1","hsa04910"
"PIK3R2","hsa04910"
"PPARGC1A","hsa04910"
"PTPN1","hsa04910"
"RAF1","hsa04910"
"RHEB","hsa04910"
"RPS6","hsa04910"
"RPS6KB1","hsa04910"
"RPTOR","hsa04910"
"SHC1","hsa04910"
"SHC3","hsa04910"
"SOS1","hsa04910"
"SREBF1","hsa04910"
"TSC1","hsa04910"
"TSC2","hsa04910"
"AKT1","hsa04933"
"CCL2","hsa04933"
"CDC42","hsa04933"
"CXCL8","hsa04933"
"HRAS","hsa04933"
"ICAM1","hsa04933"
"IL1B","hsa04933"
"IL6","hsa04933"
"JUN","hsa04933"
"KRAS","hsa04933"
"MAPK1","hsa04933"
"MAPK14","hsa04933"
"NRAS","hsa04933"
"PIK3CA","hsa04933"
"PIK3R1","hsa04933"
"PIK3R2","hsa04933"
"PLCD3","hsa04933"
"PLCG1","hsa04933"
"PLCG2","hsa04933"
"RAC1","hsa04933"
"SMAD4","hsa04933"
"STAT1","hsa04933"
"STAT3","hsa04933"
"STAT5A","hsa04933"
"STAT5B","hsa04933"
"TGFB1","hsa04933"
"TGFB3","hsa04933"
"TGFBR1","hsa04933"
"TGFBR2","hsa04933"
"TNF","hsa04933"
"AKT1","hsa05160"
"BAD","hsa05160"
"BRAF","hsa05160"
"CASP8","hsa05160"
"CXCL10","hsa05160"
"EGF","hsa05160"
"EGFR","hsa05160"
"EIF2S1","hsa05160"
"EIF3E","hsa05160"
"FADD","hsa05160"
"GRB2","hsa05160"
"HRAS","hsa05160"
"KRAS","hsa05160"
"MAP2K1","hsa05160"
"MAP2K2","hsa05160"
"MAPK1","hsa05160"
"NRAS","hsa05160"
"PIK3CA","hsa05160"
"PIK3R1","hsa05160"
"PIK3R2","hsa05160"
"PPARA","hsa05160"
"PPP2CA","hsa05160"
"PPP2CB","hsa05160"
"PPP2R2C","hsa05160"
"RAF1","hsa05160"
"RB1","hsa05160"
"RXRA","hsa05160"
"SOS1","hsa05160"
"STAT1","hsa05160"
"STAT3","hsa05160"
"TNF","hsa05160"
"TP53","hsa05160"
"TRAF3","hsa05160"
"YWHAB","hsa05160"
"YWHAE","hsa05160"
"YWHAG","hsa05160"
"YWHAH","hsa05160"
"YWHAQ","hsa05160"
"YWHAZ","hsa05160"
"AKT1","hsa05170"
"AP1B1","hsa05170"
"AP1G1","hsa05170"
"AP1M2","hsa05170"
"AP1S1","hsa05170"
"AP1S2","hsa05170"
"ATM","hsa05170"
"ATR","hsa05170"
"BAD","hsa05170"
"BCL2L1","hsa05170"
"CASP8","hsa05170"
"CCR5","hsa05170"
"CD4","hsa05170"
"CDK1","hsa05170"
"CFL1","hsa05170"
"CHEK1","hsa05170"
"CRK","hsa05170"
"CUL1","hsa05170"
"CUL4A","hsa05170"
"CUL4B","hsa05170"
"DDB1","hsa05170"
"FADD","hsa05170"
"HRAS","hsa05170"
"ITPR1","hsa05170"
"JUN","hsa05170"
"KRAS","hsa05170"
"MAP2K1","hsa05170"
"MAP2K2","hsa05170"
"MAPK1","hsa05170"
"MAPK14","hsa05170"
"MTOR","hsa05170"
"NRAS","hsa05170"
"PAK1","hsa05170"
"PAK2","hsa05170"
"PAK3","hsa05170"
"PIK3CA","hsa05170"
"PIK3R1","hsa05170"
"PIK3R2","hsa05170"
"PLCG1","hsa05170"
"PLCG2","hsa05170"
"PXN","hsa05170"
"RAC1","hsa05170"
"RAF1","hsa05170"
"RPS6KB1","hsa05170"
"SKP1","hsa05170"
"TNF","hsa05170"
"ACTB","hsa05131"
"AKT1","hsa05131"
"AKT1S1","hsa05131"
"ATM","hsa05131"
"BCL2L1","hsa05131"
"CASP1","hsa05131"
"CCL5","hsa05131"
"CD44","hsa05131"
"CDC42","hsa05131"
"CRK","hsa05131"
"CSF2","hsa05131"
"CUL1","hsa05131"
"CXCL8","hsa05131"
"EGFR","hsa05131"
"IL1B","hsa05131"
"ILK","hsa05131"
"ITGB1","hsa05131"
"ITPR1","hsa05131"
"JUN","hsa05131"
"MAPK1","hsa05131"
"MAPK14","hsa05131"
"MDM2","hsa05131"
"MTOR","hsa05131"
"NLRC4","hsa05131"
"NLRP3","hsa05131"
"PFN1","hsa05131"
"PIK3CA","hsa05131"
"PIK3R1","hsa05131"
"PIK3R2","hsa05131"
"PLCD3","hsa05131"
"PLCG1","hsa05131"
"PLCG2","hsa05131"
"PXN","hsa05131"
"PYCARD","hsa05131"
"RAC1","hsa05131"
"RPS27A","hsa05131"
"RPS6KB1","hsa05131"
"RPTOR","hsa05131"
"RRAGA","hsa05131"
"RRAGB","hsa05131"
"RRAGC","hsa05131"
"RRAGD","hsa05131"
"SKP1","hsa05131"
"SRC","hsa05131"
"TNF","hsa05131"
"TP53","hsa05131"
"UBA52","hsa05131"
"UBB","hsa05131"
"UBE2D2","hsa05131"
"UBE2N","hsa05131"
"WASL","hsa05131"
"AKT1","hsa04014"
"BAD","hsa04014"
"BCL2L1","hsa04014"
"CDC42","hsa04014"
"CSF1","hsa04014"
"CSF1R","hsa04014"
"EFNA1","hsa04014"
"EFNA2","hsa04014"
"EFNA3","hsa04014"
"EFNA4","hsa04014"
"EFNA5","hsa04014"
"EGF","hsa04014"
"EGFR","hsa04014"
"FLT3","hsa04014"
"FLT3LG","hsa04014"
"GAB1","hsa04014"
"GRB2","hsa04014"
"HRAS","hsa04014"
"KIT","hsa04014"
"KITLG","hsa04014"
"KRAS","hsa04014"
"MAP2K1","hsa04014"
"MAP2K2","hsa04014"
"MAPK1","hsa04014"
"MRAS","hsa04014"
"NRAS","hsa04014"
"PAK1","hsa04014"
"PAK2","hsa04014"
"PAK3","hsa04014"
"PIK3CA","hsa04014"
"PIK3R1","hsa04014"
"PIK3R2","hsa04014"
"PLA2G2C","hsa04014"
"PLCG1","hsa04014"
"PLCG2","hsa04014"
"PTPN11","hsa04014"
"RAC1","hsa04014"
"RAF1","hsa04014"
"RAP1A","hsa04014"
"RASA1","hsa04014"
"RASSF1","hsa04014"
"RASSF5","hsa04014"
"RRAS2","hsa04014"
"SHC1","hsa04014"
"SHC3","hsa04014"
"SHOC2","hsa04014"
"SOS1","hsa04014"
"STK4","hsa04014"
"TGFA","hsa04014"
"AKT1","hsa04068"
"ATM","hsa04068"
"BCL2L11","hsa04068"
"BRAF","hsa04068"
"EGF","hsa04068"
"EGFR","hsa04068"
"EP300","hsa04068"
"GRB2","hsa04068"
"HRAS","hsa04068"
"IL10","hsa04068"
"IL6","hsa04068"
"IRS1","hsa04068"
"KRAS","hsa04068"
"MAP2K1","hsa04068"
"MAP2K2","hsa04068"
"MAPK1","hsa04068"
"MAPK14","hsa04068"
"MDM2","hsa04068"
"NRAS","hsa04068"
"PIK3CA","hsa04068"
"PIK3R1","hsa04068"
"PIK3R2","hsa04068"
"PLK1","hsa04068"
"RAF1","hsa04068"
"SIRT1","hsa04068"
"SMAD4","hsa04068"
"SOS1","hsa04068"
"STAT3","hsa04068"
"STK4","hsa04068"
"TGFB1","hsa04068"
"TGFB3","hsa04068"
"TGFBR1","hsa04068"
"TGFBR2","hsa04068"
"TNFSF10","hsa04068"
"ACTB","hsa04919"
"AKT1","hsa04919"
"ATP2A2","hsa04919"
"BAD","hsa04919"
"EP300","hsa04919"
"ESR1","hsa04919"
"HDAC2","hsa04919"
"HRAS","hsa04919"
"KRAS","hsa04919"
"MAP2K1","hsa04919"
"MAP2K2","hsa04919"
"MAPK1","hsa04919"
"MDM2","hsa04919"
"MTOR","hsa04919"
"NCOA1","hsa04919"
"NCOR1","hsa04919"
"NRAS","hsa04919"
"PIK3CA","hsa04919"
"PIK3R1","hsa04919"
"PIK3R2","hsa04919"
"PLCD3","hsa04919"
"PLCG1","hsa04919"
"PLCG2","hsa04919"
"PLN","hsa04919"
"RAF1","hsa04919"
"RHEB","hsa04919"
"RXRA","hsa04919"
"SRC","hsa04919"
"STAT1","hsa04919"
"THRA","hsa04919"
"TP53","hsa04919"
"TSC2","hsa04919"
"AKT1","hsa04151"
"AREG","hsa04151"
"BAD","hsa04151"
"BCL2L1","hsa04151"
"BCL2L11","hsa04151"
"CREB3L1","hsa04151"
"CSF1","hsa04151"
"CSF1R","hsa04151"
"EFNA1","hsa04151"
"EFNA2","hsa04151"
"EFNA3","hsa04151"
"EFNA4","hsa04151"
"EFNA5","hsa04151"
"EGF","hsa04151"
"EGFR","hsa04151"
"EIF4E","hsa04151"
"EIF4EBP1","hsa04151"
"EPOR","hsa04151"
"ERBB2","hsa04151"
"ERBB3","hsa04151"
"EREG","hsa04151"
"FLT3","hsa04151"
"FLT3LG","hsa04151"
"GRB2","hsa04151"
"HRAS","hsa04151"
"HSP90AA1","hsa04151"
"IL6","hsa04151"
"IRS1","hsa04151"
"ITGB1","hsa04151"
"ITGB7","hsa04151"
"KIT","hsa04151"
"KITLG","hsa04151"
"KRAS","hsa04151"
"MAP2K1","hsa04151"
"MAP2K2","hsa04151"
"MAPK1","hsa04151"
"MDM2","hsa04151"
"MLST8","hsa04151"
"MTOR","hsa04151"
"NRAS","hsa04151"
"PIK3CA","hsa04151"
"PIK3R1","hsa04151"
"PIK3R2","hsa04151"
"PPP2CA","hsa04151"
"PPP2CB","hsa04151"
"PPP2R2C","hsa04151"
"RAC1","hsa04151"
"RAF1","hsa04151"
"RHEB","hsa04151"
"RPS6","hsa04151"
"RPS6KB1","hsa04151"
"RPTOR","hsa04151"
"RXRA","hsa04151"
"SOS1","hsa04151"
"TGFA","hsa04151"
"TP53","hsa04151"
"TSC1","hsa04151"
"TSC2","hsa04151"
"YWHAB","hsa04151"
"YWHAE","hsa04151"
"YWHAG","hsa04151"
"YWHAH","hsa04151"
"YWHAQ","hsa04151"
"YWHAZ","hsa04151"
"AKT1","hsa05213"
"BAD","hsa05213"
"BRAF","hsa05213"
"CDH1","hsa05213"
"EGF","hsa05213"
"EGFR","hsa05213"
"ERBB2","hsa05213"
"GRB2","hsa05213"
"HRAS","hsa05213"
"ILK","hsa05213"
"KRAS","hsa05213"
"MAP2K1","hsa05213"
"MAP2K2","hsa05213"
"MAPK1","hsa05213"
"NRAS","hsa05213"
"PIK3CA","hsa05213"
"PIK3R1","hsa05213"
"PIK3R2","hsa05213"
"RAF1","hsa05213"
"SOS1","hsa05213"
"TP53","hsa05213"
"AKT1","hsa04625"
"CASP1","hsa04625"
"CASP8","hsa04625"
"CBLB","hsa04625"
"HRAS","hsa04625"
"IL10","hsa04625"
"IL1B","hsa04625"
"IL6","hsa04625"
"ITPR1","hsa04625"
"JUN","hsa04625"
"KRAS","hsa04625"
"MAPK1","hsa04625"
"MAPK14","hsa04625"
"MDM2","hsa04625"
"MRAS","hsa04625"
"NLRP3","hsa04625"
"NRAS","hsa04625"
"PAK1","hsa04625"
"PIK3CA","hsa04625"
"PIK3R1","hsa04625"
"PIK3R2","hsa04625"
"PLCG2","hsa04625"
"PTPN11","hsa04625"
"PYCARD","hsa04625"
"RAF1","hsa04625"
"RRAS2","hsa04625"
"SRC","hsa04625"
"STAT1","hsa04625"
"TNF","hsa04625"
"C1D","hsa03018"
"DCP1A","hsa03018"
"DCP1B","hsa03018"
"DCP2","hsa03018"
"DDX6","hsa03018"
"DHX36","hsa03018"
"DIS3","hsa03018"
"DIS3L","hsa03018"
"EDC3","hsa03018"
"EDC4","hsa03018"
"ENO2","hsa03018"
"EXOSC1","hsa03018"
"EXOSC10","hsa03018"
"EXOSC2","hsa03018"
"EXOSC3","hsa03018"
"EXOSC4","hsa03018"
"EXOSC5","hsa03018"
"EXOSC6","hsa03018"
"EXOSC7","hsa03018"
"EXOSC8","hsa03018"
"EXOSC9","hsa03018"
"MPHOSPH6","hsa03018"
"PABPC1","hsa03018"
"PATL1","hsa03018"
"AKT1","hsa04140"
"AKT1S1","hsa04140"
"BAD","hsa04140"
"BCL2L1","hsa04140"
"CAMKK2","hsa04140"
"DEPTOR","hsa04140"
"EIF2S1","hsa04140"
"HRAS","hsa04140"
"IRS1","hsa04140"
"ITPR1","hsa04140"
"KRAS","hsa04140"
"MAP2K1","hsa04140"
"MAP2K2","hsa04140"
"MAPK1","hsa04140"
"MLST8","hsa04140"
"MRAS","hsa04140"
"MTOR","hsa04140"
"NRAS","hsa04140"
"PIK3CA","hsa04140"
"PIK3R1","hsa04140"
"PIK3R2","hsa04140"
"PPP2CA","hsa04140"
"PPP2CB","hsa04140"
"RAF1","hsa04140"
"RHEB","hsa04140"
"RPS27A","hsa04140"
"RPS6KB1","hsa04140"
"RPTOR","hsa04140"
"RRAGA","hsa04140"
"RRAGB","hsa04140"
"RRAGC","hsa04140"
"RRAGD","hsa04140"
"RRAS2","hsa04140"
"TSC1","hsa04140"
"TSC2","hsa04140"
"UBA52","hsa04140"
"UBB","hsa04140"
"ULK1","hsa04140"
"ACTB","hsa05225"
"AKT1","hsa05225"
"BAD","hsa05225"
"BCL2L1","hsa05225"
"BRAF","hsa05225"
"EGFR","hsa05225"
"GAB1","hsa05225"
"GRB2","hsa05225"
"HRAS","hsa05225"
"KRAS","hsa05225"
"LRP5","hsa05225"
"LRP6","hsa05225"
"MAP2K1","hsa05225"
"MAP2K2","hsa05225"
"MAPK1","hsa05225"
"MTOR","hsa05225"
"NRAS","hsa05225"
"PIK3CA","hsa05225"
"PIK3R1","hsa05225"
"PIK3R2","hsa05225"
"PLCG1","hsa05225"
"PLCG2","hsa05225"
"RAF1","hsa05225"
"RB1","hsa05225"
"RPS6KB1","hsa05225"
"SHC1","hsa05225"
"SHC3","hsa05225"
"SMAD4","hsa05225"
"SOS1","hsa05225"
"TGFA","hsa05225"
"TGFB1","hsa05225"
"TGFB3","hsa05225"
"TGFBR1","hsa05225"
"TGFBR2","hsa05225"
"TP53","hsa05225"
"TXNRD1","hsa05225"
"WNT3A","hsa05225"
"WNT5A","hsa05225"
"AKT1","hsa05226"
"BRAF","hsa05226"
"CDH1","hsa05226"
"EGF","hsa05226"
"EGFR","hsa05226"
"ERBB2","hsa05226"
"GAB1","hsa05226"
"GRB2","hsa05226"
"HRAS","hsa05226"
"KRAS","hsa05226"
"LRP5","hsa05226"
"LRP6","hsa05226"
"MAP2K1","hsa05226"
"MAP2K2","hsa05226"
"MAPK1","hsa05226"
"MTOR","hsa05226"
"NRAS","hsa05226"
"PIK3CA","hsa05226"
"PIK3R1","hsa05226"
"PIK3R2","hsa05226"
"RAF1","hsa05226"
"RB1","hsa05226"
"RPS6KB1","hsa05226"
"RXRA","hsa05226"
"SHC1","hsa05226"
"SHC3","hsa05226"
"SMAD4","hsa05226"
"SOS1","hsa05226"
"TGFB1","hsa05226"
"TGFB3","hsa05226"
"TGFBR1","hsa05226"
"TGFBR2","hsa05226"
"TP53","hsa05226"
"WNT3A","hsa05226"
"WNT5A","hsa05226"
"AKT1","hsa04062"
"ARRB1","hsa04062"
"ARRB2","hsa04062"
"BAD","hsa04062"
"BRAF","hsa04062"
"CCL2","hsa04062"
"CCL3","hsa04062"
"CCL4","hsa04062"
"CCL5","hsa04062"
"CCL8","hsa04062"
"CCR1","hsa04062"
"CCR5","hsa04062"
"CDC42","hsa04062"
"CRK","hsa04062"
"CXCL10","hsa04062"
"CXCL11","hsa04062"
"CXCL12","hsa04062"
"CXCL8","hsa04062"
"GRB2","hsa04062"
"HRAS","hsa04062"
"KRAS","hsa04062"
"MAP2K1","hsa04062"
"MAPK1","hsa04062"
"NRAS","hsa04062"
"PAK1","hsa04062"
"PIK3CA","hsa04062"
"PIK3R1","hsa04062"
"PIK3R2","hsa04062"
"PLCG1","hsa04062"
"PLCG2","hsa04062"
"PXN","hsa04062"
"RAC1","hsa04062"
"RAF1","hsa04062"
"RAP1A","hsa04062"
"SHC1","hsa04062"
"SHC3","hsa04062"
"SOS1","hsa04062"
"SRC","hsa04062"
"STAT1","hsa04062"
"STAT3","hsa04062"
"STAT5B","hsa04062"
"ADRM1","hsa05169"
"AKT1","hsa05169"
"BCL2L11","hsa05169"
"CASP8","hsa05169"
"CD44","hsa05169"
"CXCL10","hsa05169"
"FADD","hsa05169"
"HDAC2","hsa05169"
"ICAM1","hsa05169"
"IL6","hsa05169"
"JUN","hsa05169"
"MAPK14","hsa05169"
"MDM2","hsa05169"
"NCOR2","hsa05169"
"NEDD4","hsa05169"
"PIK3CA","hsa05169"
"PIK3R1","hsa05169"
"PIK3R2","hsa05169"
"PLCG2","hsa05169"
"PSMC1","hsa05169"
"PSMC2","hsa05169"
"PSMC3","hsa05169"
"PSMC4","hsa05169"
"PSMC5","hsa05169"
"PSMC6","hsa05169"
"PSMD1","hsa05169"
"PSMD11","hsa05169"
"PSMD12","hsa05169"
"PSMD14","hsa05169"
"PSMD2","hsa05169"
"PSMD3","hsa05169"
"PSMD4","hsa05169"
"PSMD7","hsa05169"
"PSMD8","hsa05169"
"RAC1","hsa05169"
"RB1","hsa05169"
"STAT1","hsa05169"
"STAT3","hsa05169"
"TNF","hsa05169"
"TNFAIP3","hsa05169"
"TP53","hsa05169"
"TRAF3","hsa05169"
"AKT1","hsa04917"
"ESR1","hsa04917"
"GRB2","hsa04917"
"HRAS","hsa04917"
"KRAS","hsa04917"
"MAP2K1","hsa04917"
"MAP2K2","hsa04917"
"MAPK1","hsa04917"
"MAPK14","hsa04917"
"NRAS","hsa04917"
"PIK3CA","hsa04917"
"PIK3R1","hsa04917"
"PIK3R2","hsa04917"
"RAF1","hsa04917"
"SHC1","hsa04917"
"SHC3","hsa04917"
"SOS1","hsa04917"
"SRC","hsa04917"
"STAT1","hsa04917"
"STAT3","hsa04917"
"STAT5A","hsa04917"
"STAT5B","hsa04917"
"CAMK2A","hsa04360"
"CAMK2B","hsa04360"
"CAMK2D","hsa04360"
"CDC42","hsa04360"
"CFL1","hsa04360"
"CXCL12","hsa04360"
"EFNA1","hsa04360"
"EFNA2","hsa04360"
"EFNA3","hsa04360"
"EFNA4","hsa04360"
"EFNA5","hsa04360"
"EFNB2","hsa04360"
"EFNB3","hsa04360"
"EPHA4","hsa04360"
"HRAS","hsa04360"
"ILK","hsa04360"
"ITGB1","hsa04360"
"KRAS","hsa04360"
"LRRC4","hsa04360"
"LRRC4C","hsa04360"
"MAPK1","hsa04360"
"NCK1","hsa04360"
"NGEF","hsa04360"
"NRAS","hsa04360"
"NTNG2","hsa04360"
"PAK1","hsa04360"
"PAK2","hsa04360"
"PAK3","hsa04360"
"PIK3CA","hsa04360"
"PIK3R1","hsa04360"
"PIK3R2","hsa04360"
"PLCG1","hsa04360"
"PLCG2","hsa04360"
"PTPN11","hsa04360"
"RAC1","hsa04360"
"RAF1","hsa04360"
"RASA1","hsa04360"
"SRC","hsa04360"
"WNT5A","hsa04360"
"AKT1","hsa04010"
"AREG","hsa04010"
"ARRB1","hsa04010"
"ARRB2","hsa04010"
"BRAF","hsa04010"
"CDC42","hsa04010"
"CRK","hsa04010"
"CSF1","hsa04010"
"CSF1R","hsa04010"
"EFNA1","hsa04010"
"EFNA2","hsa04010"
"EFNA3","hsa04010"
"EFNA4","hsa04010"
"EFNA5","hsa04010"
"EGF","hsa04010"
"EGFR","hsa04010"
"ERBB2","hsa04010"
"ERBB3","hsa04010"
"EREG","hsa04010"
"FLNA","hsa04010"
"FLT3","hsa04010"
"FLT3LG","hsa04010"
"GRB2","hsa04010"
"HRAS","hsa04010"
"IL1B","hsa04010"
"JUN","hsa04010"
"KIT","hsa04010"
"KITLG","hsa04010"
"KRAS","hsa04010"
"LAMTOR3","hsa04010"
"MAP2K1","hsa04010"
"MAP2K2","hsa04010"
"MAPK1","hsa04010"
"MAPK14","hsa04010"
"MKNK1","hsa04010"
"MRAS","hsa04010"
"NRAS","hsa04010"
"PAK1","hsa04010"
"PAK2","hsa04010"
"RAC1","hsa04010"
"RAF1","hsa04010"
"RAP1A","hsa04010"
"RAPGEF2","hsa04010"
"RASA1","hsa04010"
"RRAS2","hsa04010"
"SOS1","hsa04010"
"STK4","hsa04010"
"TGFA","hsa04010"
"TGFB1","hsa04010"
"TGFB3","hsa04010"
"TGFBR1","hsa04010"
"TGFBR2","hsa04010"
"TNF","hsa04010"
"TP53","hsa04010"
"AKT1","hsa04660"
"CBLB","hsa04660"
"CD4","hsa04660"
"CDC42","hsa04660"
"CSF2","hsa04660"
"GRB2","hsa04660"
"HRAS","hsa04660"
"IL10","hsa04660"
"JUN","hsa04660"
"KRAS","hsa04660"
"MAP2K1","hsa04660"
"MAP2K2","hsa04660"
"MAPK1","hsa04660"
"MAPK14","hsa04660"
"NCK1","hsa04660"
"NRAS","hsa04660"
"PAK1","hsa04660"
"PAK2","hsa04660"
"PAK3","hsa04660"
"PIK3CA","hsa04660"
"PIK3R1","hsa04660"
"PIK3R2","hsa04660"
"PLCG1","hsa04660"
"PPP2CA","hsa04660"
"PPP2CB","hsa04660"
"PPP2R2C","hsa04660"
"PTPN11","hsa04660"
"RAF1","hsa04660"
"SOS1","hsa04660"
"TNF","hsa04660"
"FEN1","hsa03030"
"MCM2","hsa03030"
"MCM3","hsa03030"
"MCM4","hsa03030"
"MCM5","hsa03030"
"MCM7","hsa03030"
"PCNA","hsa03030"
"POLA1","hsa03030"
"POLA2","hsa03030"
"POLE","hsa03030"
"POLE2","hsa03030"
"PRIM1","hsa03030"
"PRIM2","hsa03030"
"RFC2","hsa03030"
"RPA1","hsa03030"
"AKT1","hsa05163"
"CASP8","hsa05163"
"CCL2","hsa05163"
"CCL3","hsa05163"
"CCL4","hsa05163"
"CCL5","hsa05163"
"CCR1","hsa05163"
"CCR5","hsa05163"
"CREB3L1","hsa05163"
"CRK","hsa05163"
"CXCL12","hsa05163"
"CXCL8","hsa05163"
"EGFR","hsa05163"
"EIF4EBP1","hsa05163"
"FADD","hsa05163"
"GRB2","hsa05163"
"HRAS","hsa05163"
"IL1B","hsa05163"
"IL6","hsa05163"
"ITPR1","hsa05163"
"KRAS","hsa05163"
"MAP2K1","hsa05163"
"MAP2K2","hsa05163"
"MAPK1","hsa05163"
"MAPK14","hsa05163"
"MDM2","hsa05163"
"MTOR","hsa05163"
"NRAS","hsa05163"
"PIK3CA","hsa05163"
"PIK3R1","hsa05163"
"PIK3R2","hsa05163"
"PXN","hsa05163"
"RAC1","hsa05163"
"RAF1","hsa05163"
"RB1","hsa05163"
"RHEB","hsa05163"
"RPS6KB1","hsa05163"
"SOS1","hsa05163"
"SRC","hsa05163"
"STAT3","hsa05163"
"TNF","hsa05163"
"TP53","hsa05163"
"TSC1","hsa05163"
"TSC2","hsa05163"
"ACTB","hsa05135"
"AKT1","hsa05135"
"ARHGEF7","hsa05135"
"CASP1","hsa05135"
"CCL2","hsa05135"
"CD4","hsa05135"
"CDC42","hsa05135"
"CRK","hsa05135"
"CXCL8","hsa05135"
"GIT2","hsa05135"
"IL10","hsa05135"
"IL1B","hsa05135"
"IL6","hsa05135"
"ITGB1","hsa05135"
"JUN","hsa05135"
"MAP2K1","hsa05135"
"MAP2K2","hsa05135"
"MAPK1","hsa05135"
"MAPK14","hsa05135"
"NLRC4","hsa05135"
"NLRP3","hsa05135"
"PIK3CA","hsa05135"
"PIK3R1","hsa05135"
"PIK3R2","hsa05135"
"PLCG1","hsa05135"
"PXN","hsa05135"
"PYCARD","hsa05135"
"RAC1","hsa05135"
"SRC","hsa05135"
"TNF","hsa05135"
"WASL","hsa05135"
"WIPF2","hsa05135"
"ACBD3","hsa05132"
"ACTB","hsa05132"
"AKT1","hsa05132"
"CASP1","hsa05132"
"CASP5","hsa05132"
"CASP8","hsa05132"
"CDC42","hsa05132"
"CXCL8","hsa05132"
"DYNC1H1","hsa05132"
"DYNC1I1","hsa05132"
"DYNC1I2","hsa05132"
"DYNC2H1","hsa05132"
"DYNLL1","hsa05132"
"DYNLRB1","hsa05132"
"DYNLT1","hsa05132"
"FADD","hsa05132"
"FLNA","hsa05132"
"HRAS","hsa05132"
"HSP90AA1","hsa05132"
"IL1B","hsa05132"
"IL6","hsa05132"
"JUN","hsa05132"
"KPNA1","hsa05132"
"KPNA4","hsa05132"
"MAP2K1","hsa05132"
"MAP2K2","hsa05132"
"MAPK1","hsa05132"
"MAPK14","hsa05132"
"NLRC4","hsa05132"
"NLRP3","hsa05132"
"PAK1","hsa05132"
"PAK3","hsa05132"
"PFN1","hsa05132"
"PIK3CA","hsa05132"
"PYCARD","hsa05132"
"RAC1","hsa05132"
"RAF1","hsa05132"
"RPS3","hsa05132"
"SKP1","hsa05132"
"TNF","hsa05132"
"TNFRSF10A","hsa05132"
"TNFSF10","hsa05132"
"TUBA1A","hsa05132"
"TUBA1B","hsa05132"
"TUBB3","hsa05132"
"TXN","hsa05132"
"WASL","hsa05132"
"BAD","hsa05203"
"CASP8","hsa05203"
"CCR5","hsa05203"
"CDC20","hsa05203"
"CDC42","hsa05203"
"CDK1","hsa05203"
"CHEK1","hsa05203"
"CREB3L1","hsa05203"
"DDB1","hsa05203"
"EP300","hsa05203"
"GRB2","hsa05203"
"HDAC2","hsa05203"
"HRAS","hsa05203"
"JUN","hsa05203"
"KRAS","hsa05203"
"MAPK1","hsa05203"
"MDM2","hsa05203"
"NRAS","hsa05203"
"PIK3CA","hsa05203"
"PIK3R1","hsa05203"
"PIK3R2","hsa05203"
"POLB","hsa05203"
"PSMC1","hsa05203"
"PXN","hsa05203"
"RAC1","hsa05203"
"RANBP1","hsa05203"
"RB1","hsa05203"
"RBL1","hsa05203"
"SCRIB","hsa05203"
"SRC","hsa05203"
"STAT3","hsa05203"
"STAT5A","hsa05203"
"STAT5B","hsa05203"
"TP53","hsa05203"
"TRAF3","hsa05203"
"YWHAB","hsa05203"
"YWHAE","hsa05203"
"YWHAG","hsa05203"
"YWHAH","hsa05203"
"YWHAQ","hsa05203"
"YWHAZ","hsa05203"
"AKT1","hsa05215"
"AR","hsa05215"
"BAD","hsa05215"
"BRAF","hsa05215"
"CREB3L1","hsa05215"
"EGF","hsa05215"
"EGFR","hsa05215"
"EP300","hsa05215"
"ERBB2","hsa05215"
"GRB2","hsa05215"
"HRAS","hsa05215"
"HSP90AA1","hsa05215"
"KRAS","hsa05215"
"MAP2K1","hsa05215"
"MAP2K2","hsa05215"
"MAPK1","hsa05215"
"MDM2","hsa05215"
"MTOR","hsa05215"
"NRAS","hsa05215"
"PIK3CA","hsa05215"
"PIK3R1","hsa05215"
"PIK3R2","hsa05215"
"RAF1","hsa05215"
"RB1","hsa05215"
"SOS1","hsa05215"
"TGFA","hsa05215"
"TP53","hsa05215"
"AKT1","hsa04370"
"BAD","hsa04370"
"CDC42","hsa04370"
"HRAS","hsa04370"
"KRAS","hsa04370"
"MAP2K1","hsa04370"
"MAP2K2","hsa04370"
"MAPK1","hsa04370"
"MAPK14","hsa04370"
"NRAS","hsa04370"
"PIK3CA","hsa04370"
"PIK3R1","hsa04370"
"PIK3R2","hsa04370"
"PLCG1","hsa04370"
"PLCG2","hsa04370"
"PXN","hsa04370"
"RAC1","hsa04370"
"RAF1","hsa04370"
"SRC","hsa04370"
"AKT1","hsa05142"
"CASP8","hsa05142"
"CCL2","hsa05142"
"CCL3","hsa05142"
"CCL5","hsa05142"
"CXCL8","hsa05142"
"FADD","hsa05142"
"IL10","hsa05142"
"IL1B","hsa05142"
"IL6","hsa05142"
"JUN","hsa05142"
"KNG1","hsa05142"
"MAPK1","hsa05142"
"MAPK14","hsa05142"
"NOS2","hsa05142"
"PIK3CA","hsa05142"
"PIK3R1","hsa05142"
"PIK3R2","hsa05142"
"PPP2CA","hsa05142"
"PPP2CB","hsa05142"
"PPP2R2C","hsa05142"
"TGFB1","hsa05142"
"TGFB3","hsa05142"
"TGFBR1","hsa05142"
"TGFBR2","hsa05142"
"TNF","hsa05142"
"AKT1","hsa04066"
"CAMK2A","hsa04066"
"CAMK2B","hsa04066"
"CAMK2D","hsa04066"
"EGF","hsa04066"
"EGFR","hsa04066"
"EIF4E","hsa04066"
"EIF4EBP1","hsa04066"
"ENO2","hsa04066"
"EP300","hsa04066"
"ERBB2","hsa04066"
"IL6","hsa04066"
"MAP2K1","hsa04066"
"MAP2K2","hsa04066"
"MAPK1","hsa04066"
"MKNK1","hsa04066"
"MTOR","hsa04066"
"NOS2","hsa04066"
"NPPA","hsa04066"
"PIK3CA","hsa04066"
"PIK3R1","hsa04066"
"PIK3R2","hsa04066"
"PLCG1","hsa04066"
"PLCG2","hsa04066"
"RPS6","hsa04066"
"RPS6KB1","hsa04066"
"STAT3","hsa04066"
"AKT1","hsa05417"
"BAD","hsa05417"
"BCL2L1","hsa05417"
"CAMK2A","hsa05417"
"CAMK2B","hsa05417"
"CAMK2D","hsa05417"
"CASP1","hsa05417"
"CASP8","hsa05417"
"CCL2","hsa05417"
"CCL3","hsa05417"
"CCL5","hsa05417"
"CDC42","hsa05417"
"CXCL8","hsa05417"
"EIF2S1","hsa05417"
"HRAS","hsa05417"
"HSP90AA1","hsa05417"
"ICAM1","hsa05417"
"IL1B","hsa05417"
"IL6","hsa05417"
"ITPR1","hsa05417"
"JUN","hsa05417"
"KRAS","hsa05417"
"MAPK1","hsa05417"
"MAPK14","hsa05417"
"NLRP3","hsa05417"
"NRAS","hsa05417"
"PIK3CA","hsa05417"
"PIK3R1","hsa05417"
"PIK3R2","hsa05417"
"PLCG1","hsa05417"
"PYCARD","hsa05417"
"RAC1","hsa05417"
"RAP1A","hsa05417"
"RXRA","hsa05417"
"SRC","hsa05417"
"STAT3","hsa05417"
"TNF","hsa05417"
"TNFRSF10A","hsa05417"
"TNFSF10","hsa05417"
"TP53","hsa05417"
"TRAF3","hsa05417"
"AKT1","hsa04664"
"ALOX5","hsa04664"
"CSF2","hsa04664"
"GRB2","hsa04664"
"HRAS","hsa04664"
"KRAS","hsa04664"
"MAP2K1","hsa04664"
"MAP2K2","hsa04664"
"MAPK1","hsa04664"
"MAPK14","hsa04664"
"NRAS","hsa04664"
"PIK3CA","hsa04664"
"PIK3R1","hsa04664"
"PIK3R2","hsa04664"
"PLCG1","hsa04664"
"PLCG2","hsa04664"
"RAC1","hsa04664"
"RAF1","hsa04664"
"SOS1","hsa04664"
"TNF","hsa04664"
"ACTB","hsa04390"
"AREG","hsa04390"
"BIRC5","hsa04390"
"BMP8B","hsa04390"
"BMPR1A","hsa04390"
"CDH1","hsa04390"
"DLG4","hsa04390"
"GLI2","hsa04390"
"LATS1","hsa04390"
"LATS2","hsa04390"
"MOB1A","hsa04390"
"MOB1B","hsa04390"
"PPP2CA","hsa04390"
"PPP2CB","hsa04390"
"PPP2R2C","hsa04390"
"RASSF1","hsa04390"
"SAV1","hsa04390"
"SCRIB","hsa04390"
"SMAD1","hsa04390"
"SMAD4","hsa04390"
"TGFB1","hsa04390"
"TGFB3","hsa04390"
"TGFBR1","hsa04390"
"TGFBR2","hsa04390"
"WNT3A","hsa04390"
"WNT5A","hsa04390"
"YAP1","hsa04390"
"YWHAB","hsa04390"
"YWHAE","hsa04390"
"YWHAG","hsa04390"
"YWHAH","hsa04390"
"YWHAQ","hsa04390"
"YWHAZ","hsa04390"
"ACACB","hsa04152"
"AKT1","hsa04152"
"AKT1S1","hsa04152"
"CAMKK2","hsa04152"
"CREB3L1","hsa04152"
"EEF2","hsa04152"
"EIF4EBP1","hsa04152"
"ELAVL1","hsa04152"
"FASN","hsa04152"
"HNF4A","hsa04152"
"IRS1","hsa04152"
"MTOR","hsa04152"
"PIK3CA","hsa04152"
"PIK3R1","hsa04152"
"PIK3R2","hsa04152"
"PPARGC1A","hsa04152"
"PPP2CA","hsa04152"
"PPP2CB","hsa04152"
"PPP2R2C","hsa04152"
"RHEB","hsa04152"
"RPS6KB1","hsa04152"
"RPTOR","hsa04152"
"SCD","hsa04152"
"SIRT1","hsa04152"
"SREBF1","hsa04152"
"TSC1","hsa04152"
"TSC2","hsa04152"
"ULK1","hsa04152"
"AKT1","hsa04935"
"CREB3L1","hsa04935"
"CRK","hsa04935"
"EP300","hsa04935"
"GRB2","hsa04935"
"HRAS","hsa04935"
"IRS1","hsa04935"
"ITPR1","hsa04935"
"KRAS","hsa04935"
"MAP2K1","hsa04935"
"MAP2K2","hsa04935"
"MAPK1","hsa04935"
"MAPK14","hsa04935"
"MTOR","hsa04935"
"NRAS","hsa04935"
"PIK3CA","hsa04935"
"PIK3R1","hsa04935"
"PIK3R2","hsa04935"
"PLCG1","hsa04935"
"PLCG2","hsa04935"
"RAF1","hsa04935"
"SHC1","hsa04935"
"SHC3","hsa04935"
"SOS1","hsa04935"
"STAT1","hsa04935"
"STAT3","hsa04935"
"STAT5A","hsa04935"
"STAT5B","hsa04935"
"ACTB","hsa04015"
"AKT1","hsa04015"
"BRAF","hsa04015"
"CDC42","hsa04015"
"CDH1","hsa04015"
"CRK","hsa04015"
"CSF1","hsa04015"
"CSF1R","hsa04015"
"CTNND1","hsa04015"
"EFNA1","hsa04015"
"EFNA2","hsa04015"
"EFNA3","hsa04015"
"EFNA4","hsa04015"
"EFNA5","hsa04015"
"EGF","hsa04015"
"EGFR","hsa04015"
"HRAS","hsa04015"
"ITGB1","hsa04015"
"KIT","hsa04015"
"KITLG","hsa04015"
"KRAS","hsa04015"
"KRIT1","hsa04015"
"MAP2K1","hsa04015"
"MAP2K2","hsa04015"
"MAPK1","hsa04015"
"MAPK14","hsa04015"
"MRAS","hsa04015"
"NRAS","hsa04015"
"PFN1","hsa04015"
"PIK3CA","hsa04015"
"PIK3R1","hsa04015"
"PIK3R2","hsa04015"
"PLCG1","hsa04015"
"RAC1","hsa04015"
"RAF1","hsa04015"
"RAP1A","hsa04015"
"RAPGEF2","hsa04015"
"RASSF5","hsa04015"
"SRC","hsa04015"
"VASP","hsa04015"
"AKT1","hsa04211"
"AKT1S1","hsa04211"
"CAMKK2","hsa04211"
"CREB3L1","hsa04211"
"EIF4E","hsa04211"
"EIF4EBP1","hsa04211"
"HRAS","hsa04211"
"IRS1","hsa04211"
"KRAS","hsa04211"
"MTOR","hsa04211"
"NRAS","hsa04211"
"PIK3CA","hsa04211"
"PIK3R1","hsa04211"
"PIK3R2","hsa04211"
"PPARGC1A","hsa04211"
"RHEB","hsa04211"
"RPS6KB1","hsa04211"
"RPTOR","hsa04211"
"SIRT1","hsa04211"
"TP53","hsa04211"
"TSC1","hsa04211"
"TSC2","hsa04211"
"ULK1","hsa04211"
"AKT1","hsa05224"
"BRAF","hsa05224"
"EGF","hsa05224"
"EGFR","hsa05224"
"ERBB2","hsa05224"
"ESR1","hsa05224"
"GRB2","hsa05224"
"HRAS","hsa05224"
"JUN","hsa05224"
"KIT","hsa05224"
"KRAS","hsa05224"
"LRP5","hsa05224"
"LRP6","hsa05224"
"MAP2K1","hsa05224"
"MAP2K2","hsa05224"
"MAPK1","hsa05224"
"MTOR","hsa05224"
"NCOA1","hsa05224"
"NRAS","hsa05224"
"PIK3CA","hsa05224"
"PIK3R1","hsa05224"
"PIK3R2","hsa05224"
"RAF1","hsa05224"
"RB1","hsa05224"
"RPS6KB1","hsa05224"
"SHC1","hsa05224"
"SHC3","hsa05224"
"SOS1","hsa05224"
"TP53","hsa05224"
"WNT3A","hsa05224"
"WNT5A","hsa05224"
"AKT1","hsa05231"
"EGF","hsa05231"
"EGFR","hsa05231"
"EIF4EBP1","hsa05231"
"GRB2","hsa05231"
"HRAS","hsa05231"
"JUN","hsa05231"
"KRAS","hsa05231"
"MAP2K1","hsa05231"
"MAP2K2","hsa05231"
"MAPK1","hsa05231"
"MTOR","hsa05231"
"NRAS","hsa05231"
"PIK3CA","hsa05231"
"PIK3R1","hsa05231"
"PIK3R2","hsa05231"
"PLCG1","hsa05231"
"RAC1","hsa05231"
"RAF1","hsa05231"
"RHEB","hsa05231"
"RPS6KB1","hsa05231"
"SOS1","hsa05231"
"TSC1","hsa05231"
"TSC2","hsa05231"
"ACTB","hsa04210"
"AKT1","hsa04210"
"ATM","hsa04210"
"BAD","hsa04210"
"BCL2L1","hsa04210"
"BCL2L11","hsa04210"
"BIRC5","hsa04210"
"CASP10","hsa04210"
"CASP8","hsa04210"
"EIF2S1","hsa04210"
"FADD","hsa04210"
"HRAS","hsa04210"
"ITPR1","hsa04210"
"JUN","hsa04210"
"KRAS","hsa04210"
"MAP2K1","hsa04210"
"MAP2K2","hsa04210"
"MAPK1","hsa04210"
"NRAS","hsa04210"
"PIK3CA","hsa04210"
"PIK3R1","hsa04210"
"PIK3R2","hsa04210"
"RAF1","hsa04210"
"TNF","hsa04210"
"TNFRSF10A","hsa04210"
"TNFSF10","hsa04210"
"TP53","hsa04210"
"TUBA1A","hsa04210"
"TUBA1B","hsa04210"
"AKT1","hsa05235"
"CD4","hsa05235"
"EGF","hsa05235"
"EGFR","hsa05235"
"HRAS","hsa05235"
"JUN","hsa05235"
"KRAS","hsa05235"
"MAP2K1","hsa05235"
"MAP2K2","hsa05235"
"MAPK1","hsa05235"
"MAPK14","hsa05235"
"MTOR","hsa05235"
"NRAS","hsa05235"
"PIK3CA","hsa05235"
"PIK3R1","hsa05235"
"PIK3R2","hsa05235"
"PLCG1","hsa05235"
"PTPN11","hsa05235"
"RAF1","hsa05235"
"RPS6KB1","hsa05235"
"STAT1","hsa05235"
"STAT3","hsa05235"
"AKT1","hsa05207"
"AR","hsa05207"
"ARRB1","hsa05207"
"ARRB2","hsa05207"
"BAD","hsa05207"
"BIRC5","hsa05207"
"CDC6","hsa05207"
"CREB3L1","hsa05207"
"EGF","hsa05207"
"EGFR","hsa05207"
"EIF4EBP1","hsa05207"
"ESR1","hsa05207"
"GRB2","hsa05207"
"HRAS","hsa05207"
"HSP90AA1","hsa05207"
"JUN","hsa05207"
"KPNA1","hsa05207"
"KPNA2","hsa05207"
"KPNA4","hsa05207"
"KPNB1","hsa05207"
"KRAS","hsa05207"
"MAP2K1","hsa05207"
"MAP2K2","hsa05207"
"MAPK1","hsa05207"
"MTOR","hsa05207"
"NRAS","hsa05207"
"PIK3CA","hsa05207"
"PIK3R1","hsa05207"
"PIK3R2","hsa05207"
"PPARA","hsa05207"
"RAF1","hsa05207"
"RB1","hsa05207"
"RPS6KB1","hsa05207"
"RXRA","hsa05207"
"SOS1","hsa05207"
"SRC","hsa05207"
"STAT3","hsa05207"
"STAT5A","hsa05207"
"STAT5B","hsa05207"
"ACAP2","hsa04144"
"AGAP1","hsa04144"
"ARRB1","hsa04144"
"ARRB2","hsa04144"
"CAV1","hsa04144"
"CBL","hsa04144"
"CBLB","hsa04144"
"CBLC","hsa04144"
"CCR5","hsa04144"
"CDC42","hsa04144"
"CHMP1A","hsa04144"
"CHMP1B","hsa04144"
"CHMP2A","hsa04144"
"CHMP2B","hsa04144"
"CHMP4A","hsa04144"
"CHMP5","hsa04144"
"EGFR","hsa04144"
"EPS15","hsa04144"
"GIT1","hsa04144"
"GIT2","hsa04144"
"HGS","hsa04144"
"HRAS","hsa04144"
"IGF2R","hsa04144"
"IST1","hsa04144"
"MDM2","hsa04144"
"NEDD4","hsa04144"
"RAB11A","hsa04144"
"RAB35","hsa04144"
"RAB4A","hsa04144"
"RUFY1","hsa04144"
"SH3GL2","hsa04144"
"SH3KBP1","hsa04144"
"SMURF1","hsa04144"
"SMURF2","hsa04144"
"SRC","hsa04144"
"TGFBR1","hsa04144"
"TGFBR2","hsa04144"
"TSG101","hsa04144"
"USP8","hsa04144"
"VPS4B","hsa04144"
"VTA1","hsa04144"
"WASL","hsa04144"
"WIPF2","hsa04144"
"AKT1","hsa04072"
"CXCL8","hsa04072"
"EGF","hsa04072"
"EGFR","hsa04072"
"GAB1","hsa04072"
"GRB2","hsa04072"
"HRAS","hsa04072"
"KIT","hsa04072"
"KITLG","hsa04072"
"KRAS","hsa04072"
"MAP2K1","hsa04072"
"MAP2K2","hsa04072"
"MAPK1","hsa04072"
"MRAS","hsa04072"
"MTOR","hsa04072"
"NRAS","hsa04072"
"PIK3CA","hsa04072"
"PIK3R1","hsa04072"
"PIK3R2","hsa04072"
"PLCG1","hsa04072"
"PLCG2","hsa04072"
"PTPN11","hsa04072"
"RAF1","hsa04072"
"RHEB","hsa04072"
"RRAS2","hsa04072"
"SHC1","hsa04072"
"SHC3","hsa04072"
"SOS1","hsa04072"
"TSC1","hsa04072"
"TSC2","hsa04072"
"AKT1","hsa05167"
"CASP8","hsa05167"
"CCR1","hsa05167"
"CCR5","hsa05167"
"CSF2","hsa05167"
"CXCL8","hsa05167"
"EP300","hsa05167"
"FADD","hsa05167"
"HRAS","hsa05167"
"ICAM1","hsa05167"
"IL6","hsa05167"
"ITPR1","hsa05167"
"JUN","hsa05167"
"KRAS","hsa05167"
"MAP2K1","hsa05167"
"MAP2K2","hsa05167"
"MAPK1","hsa05167"
"MAPK14","hsa05167"
"MTOR","hsa05167"
"NRAS","hsa05167"
"PIK3CA","hsa05167"
"PIK3R1","hsa05167"
"PIK3R2","hsa05167"
"PLCG1","hsa05167"
"PLCG2","hsa05167"
"RAC1","hsa05167"
"RAF1","hsa05167"
"RB1","hsa05167"
"RPS27A","hsa05167"
"SRC","hsa05167"
"STAT1","hsa05167"
"STAT3","hsa05167"
"TP53","hsa05167"
"TRAF3","hsa05167"
"UBA52","hsa05167"
"UBB","hsa05167"
"AKT1","hsa05218"
"BAD","hsa05218"
"BRAF","hsa05218"
"CDH1","hsa05218"
"EGF","hsa05218"
"EGFR","hsa05218"
"HRAS","hsa05218"
"KRAS","hsa05218"
"MAP2K1","hsa05218"
"MAP2K2","hsa05218"
"MAPK1","hsa05218"
"MDM2","hsa05218"
"NRAS","hsa05218"
"PIK3CA","hsa05218"
"PIK3R1","hsa05218"
"PIK3R2","hsa05218"
"RAF1","hsa05218"
"RB1","hsa05218"
"TP53","hsa05218"
"AKT1","hsa05166"
"ATM","hsa05166"
"ATR","hsa05166"
"BCL2L1","hsa05166"
"CD4","hsa05166"
"CDC20","hsa05166"
"CHEK1","hsa05166"
"CHEK2","hsa05166"
"CREB3L1","hsa05166"
"CSF2","hsa05166"
"EP300","hsa05166"
"HRAS","hsa05166"
"ICAM1","hsa05166"
"IL6","hsa05166"
"JUN","hsa05166"
"KRAS","hsa05166"
"MAP2K1","hsa05166"
"MAP2K2","hsa05166"
"MAPK1","hsa05166"
"NRAS","hsa05166"
"PIK3CA","hsa05166"
"PIK3R1","hsa05166"
"PIK3R2","hsa05166"
"POLB","hsa05166"
"RAN","hsa05166"
"RANBP1","hsa05166"
"RANBP3","hsa05166"
"RB1","hsa05166"
"SMAD4","hsa05166"
"STAT5A","hsa05166"
"STAT5B","hsa05166"
"TGFB1","hsa05166"
"TGFB3","hsa05166"
"TGFBR1","hsa05166"
"TGFBR2","hsa05166"
"TNF","hsa05166"
"TP53","hsa05166"
"TRRAP","hsa05166"
"XPO1","hsa05166"
"ACVR1","hsa04350"
"BMP8B","hsa04350"
"BMPR1A","hsa04350"
"CUL1","hsa04350"
"DCN","hsa04350"
"EP300","hsa04350"
"HDAC2","hsa04350"
"MAPK1","hsa04350"
"NCOR1","hsa04350"
"PPP2CA","hsa04350"
"PPP2CB","hsa04350"
"RBL1","hsa04350"
"RPS6KB1","hsa04350"
"SKP1","hsa04350"
"SMAD1","hsa04350"
"SMAD4","hsa04350"
"SMAD6","hsa04350"
"SMURF1","hsa04350"
"SMURF2","hsa04350"
"TGFB1","hsa04350"
"TGFB3","hsa04350"
"TGFBR1","hsa04350"
"TGFBR2","hsa04350"
"TNF","hsa04350"
"ACTB","hsa04510"
"AKT1","hsa04510"
"BAD","hsa04510"
"BRAF","hsa04510"
"CAV1","hsa04510"
"CDC42","hsa04510"
"CRK","hsa04510"
"EGF","hsa04510"
"EGFR","hsa04510"
"ERBB2","hsa04510"
"FLNA","hsa04510"
"GRB2","hsa04510"
"HRAS","hsa04510"
"ILK","hsa04510"
"ITGB1","hsa04510"
"ITGB7","hsa04510"
"JUN","hsa04510"
"MAP2K1","hsa04510"
"MAPK1","hsa04510"
"PAK1","hsa04510"
"PAK2","hsa04510"
"PAK3","hsa04510"
"PARVA","hsa04510"
"PIK3CA","hsa04510"
"PIK3R1","hsa04510"
"PIK3R2","hsa04510"
"PPP1R12B","hsa04510"
"PXN","hsa04510"
"RAC1","hsa04510"
"RAF1","hsa04510"
"RAP1A","hsa04510"
"SHC1","hsa04510"
"SHC3","hsa04510"
"SOS1","hsa04510"
"SRC","hsa04510"
"VASP","hsa04510"
"BRAF","hsa04650"
"CSF2","hsa04650"
"GRB2","hsa04650"
"HRAS","hsa04650"
"ICAM1","hsa04650"
"KLRK1","hsa04650"
"KRAS","hsa04650"
"MAP2K1","hsa04650"
"MAP2K2","hsa04650"
"MAPK1","hsa04650"
"NRAS","hsa04650"
"PAK1","hsa04650"
"PIK3CA","hsa04650"
"PIK3R1","hsa04650"
"PIK3R2","hsa04650"
"PLCG1","hsa04650"
"PLCG2","hsa04650"
"PTPN11","hsa04650"
"RAC1","hsa04650"
"RAET1E","hsa04650"
"RAF1","hsa04650"
"SHC1","hsa04650"
"SHC3","hsa04650"
"SOS1","hsa04650"
"TNF","hsa04650"
"TNFRSF10A","hsa04650"
"TNFSF10","hsa04650"
"ACTB","hsa05164"
"AKT1","hsa05164"
"CASP1","hsa05164"
"CASP8","hsa05164"
"CCL2","hsa05164"
"CCL5","hsa05164"
"CXCL10","hsa05164"
"CXCL8","hsa05164"
"EIF2S1","hsa05164"
"EP300","hsa05164"
"FADD","hsa05164"
"ICAM1","hsa05164"
"IL1B","hsa05164"
"IL6","hsa05164"
"KPNA1","hsa05164"
"KPNA2","hsa05164"
"MAP2K1","hsa05164"
"MAP2K2","hsa05164"
"MAPK1","hsa05164"
"NLRP3","hsa05164"
"PIK3CA","hsa05164"
"PIK3R1","hsa05164"
"PIK3R2","hsa05164"
"PYCARD","hsa05164"
"RAB11A","hsa05164"
"RAF1","hsa05164"
"STAT1","hsa05164"
"TNF","hsa05164"
"TNFRSF10A","hsa05164"
"TNFSF10","hsa05164"
"TRAF3","hsa05164"
"XPO1","hsa05164"
"AKT1","hsa04926"
"ARRB1","hsa04926"
"ARRB2","hsa04926"
"CREB3L1","hsa04926"
"EGFR","hsa04926"
"GRB2","hsa04926"
"HRAS","hsa04926"
"JUN","hsa04926"
"KRAS","hsa04926"
"MAP2K1","hsa04926"
"MAP2K2","hsa04926"
"MAPK1","hsa04926"
"MAPK14","hsa04926"
"NOS2","hsa04926"
"NRAS","hsa04926"
"PIK3CA","hsa04926"
"PIK3R1","hsa04926"
"PIK3R2","hsa04926"
"RAF1","hsa04926"
"SHC1","hsa04926"
"SHC3","hsa04926"
"SOS1","hsa04926"
"SRC","hsa04926"
"TGFB1","hsa04926"
"TGFBR1","hsa04926"
"TGFBR2","hsa04926"
"AKT1","hsa04620"
"CASP8","hsa04620"
"CCL3","hsa04620"
"CCL4","hsa04620"
"CCL5","hsa04620"
"CXCL10","hsa04620"
"CXCL11","hsa04620"
"CXCL8","hsa04620"
"FADD","hsa04620"
"IL1B","hsa04620"
"IL6","hsa04620"
"JUN","hsa04620"
"MAP2K1","hsa04620"
"MAP2K2","hsa04620"
"MAPK1","hsa04620"
"MAPK14","hsa04620"
"PIK3CA","hsa04620"
"PIK3R1","hsa04620"
"PIK3R2","hsa04620"
"RAC1","hsa04620"
"STAT1","hsa04620"
"TNF","hsa04620"
"TRAF3","hsa04620"
"APEX1","hsa03410"
"FEN1","hsa03410"
"MPG","hsa03410"
"MUTYH","hsa03410"
"NTHL1","hsa03410"
"PCNA","hsa03410"
"POLB","hsa03410"
"POLE","hsa03410"
"POLE2","hsa03410"
"POLL","hsa03410"
"RFC2","hsa03410"
"UNG","hsa03410"
"XRCC1","hsa03410"
"AKT1","hsa05230"
"EGFR","hsa05230"
"ERBB2","hsa05230"
"FLT3","hsa05230"
"HRAS","hsa05230"
"KIT","hsa05230"
"KRAS","hsa05230"
"MAP2K1","hsa05230"
"MAP2K2","hsa05230"
"MAPK1","hsa05230"
"MTOR","hsa05230"
"NRAS","hsa05230"
"PIK3CA","hsa05230"
"PIK3R1","hsa05230"
"PIK3R2","hsa05230"
"RAF1","hsa05230"
"TP53","hsa05230"
"ACTB","hsa05100"
"CAV1","hsa05100"
"CBL","hsa05100"
"CDC42","hsa05100"
"CDH1","hsa05100"
"CRK","hsa05100"
"GAB1","hsa05100"
"ILK","hsa05100"
"ITGB1","hsa05100"
"PIK3CA","hsa05100"
"PIK3R1","hsa05100"
"PIK3R2","hsa05100"
"PXN","hsa05100"
"RAC1","hsa05100"
"SHC1","hsa05100"
"SHC3","hsa05100"
"SRC","hsa05100"
"WASL","hsa05100"
"ACTB","hsa04520"
"CDC42","hsa04520"
"CDH1","hsa04520"
"CTNND1","hsa04520"
"EGFR","hsa04520"
"EP300","hsa04520"
"ERBB2","hsa04520"
"KRIT1","hsa04520"
"MAPK1","hsa04520"
"PDCD10","hsa04520"
"PTPN1","hsa04520"
"RAC1","hsa04520"
"RAP1A","hsa04520"
"SMAD4","hsa04520"
"SMURF1","hsa04520"
"SMURF2","hsa04520"
"SRC","hsa04520"
"TGFBR1","hsa04520"
"TGFBR2","hsa04520"
"WASL","hsa04520"
"AKT1","hsa04915"
"CREB3L1","hsa04915"
"EGFR","hsa04915"
"ESR1","hsa04915"
"GRB2","hsa04915"
"HBEGF","hsa04915"
"HRAS","hsa04915"
"HSP90AA1","hsa04915"
"ITPR1","hsa04915"
"JUN","hsa04915"
"KRAS","hsa04915"
"MAP2K1","hsa04915"
"MAP2K2","hsa04915"
"MAPK1","hsa04915"
"NCOA1","hsa04915"
"NRAS","hsa04915"
"PIK3CA","hsa04915"
"PIK3R1","hsa04915"
"PIK3R2","hsa04915"
"RAF1","hsa04915"
"SHC1","hsa04915"
"SHC3","hsa04915"
"SOS1","hsa04915"
"SRC","hsa04915"
"TFF1","hsa04915"
"TGFA","hsa04915"
"AKT1","hsa04668"
"CASP10","hsa04668"
"CASP8","hsa04668"
"CCL2","hsa04668"
"CCL5","hsa04668"
"CREB3L1","hsa04668"
"CSF1","hsa04668"
"CSF2","hsa04668"
"CXCL10","hsa04668"
"FADD","hsa04668"
"ICAM1","hsa04668"
"IL1B","hsa04668"
"IL6","hsa04668"
"JUN","hsa04668"
"MAP2K1","hsa04668"
"MAPK1","hsa04668"
"MAPK14","hsa04668"
"PIK3CA","hsa04668"
"PIK3R1","hsa04668"
"PIK3R2","hsa04668"
"TNF","hsa04668"
"TNFAIP3","hsa04668"
"TRAF3","hsa04668"
"AKT1","hsa05165"
"ATM","hsa05165"
"ATR","hsa05165"
"BAD","hsa05165"
"CASP8","hsa05165"
"CDC42","hsa05165"
"CREB3L1","hsa05165"
"EGF","hsa05165"
"EGFR","hsa05165"
"EIF4EBP1","hsa05165"
"EP300","hsa05165"
"FADD","hsa05165"
"GRB2","hsa05165"
"HDAC2","hsa05165"
"HRAS","hsa05165"
"ITGB1","hsa05165"
"ITGB7","hsa05165"
"KRAS","hsa05165"
"MAP2K1","hsa05165"
"MAP2K2","hsa05165"
"MAPK1","hsa05165"
"MDM2","hsa05165"
"MTOR","hsa05165"
"NRAS","hsa05165"
"PIK3CA","hsa05165"
"PIK3R1","hsa05165"
"PIK3R2","hsa05165"
"PPP2CA","hsa05165"
"PPP2CB","hsa05165"
"PPP2R2C","hsa05165"
"PSEN1","hsa05165"
"PSMC1","hsa05165"
"PXN","hsa05165"
"RAF1","hsa05165"
"RB1","hsa05165"
"RBL1","hsa05165"
"RHEB","hsa05165"
"RPS6KB1","hsa05165"
"SCRIB","hsa05165"
"SOS1","hsa05165"
"STAT1","hsa05165"
"TNF","hsa05165"
"TP53","hsa05165"
"TRAF3","hsa05165"
"TSC1","hsa05165"
"TSC2","hsa05165"
"WNT3A","hsa05165"
"WNT5A","hsa05165"
"ACVR1","hsa04550"
"AKT1","hsa04550"
"BMI1","hsa04550"
"BMPR1A","hsa04550"
"ESRRB","hsa04550"
"GRB2","hsa04550"
"HRAS","hsa04550"
"KRAS","hsa04550"
"MAP2K1","hsa04550"
"MAP2K2","hsa04550"
"MAPK1","hsa04550"
"MAPK14","hsa04550"
"NRAS","hsa04550"
"PCGF1","hsa04550"
"PCGF2","hsa04550"
"PCGF6","hsa04550"
"PIK3CA","hsa04550"
"PIK3R1","hsa04550"
"PIK3R2","hsa04550"
"POU5F1","hsa04550"
"RAF1","hsa04550"
"SMAD1","hsa04550"
"SMAD4","hsa04550"
"STAT3","hsa04550"
"WNT3A","hsa04550"
"WNT5A","hsa04550"
"AKT1","hsa04213"
"AKT1S1","hsa04213"
"EIF4EBP2","hsa04213"
"HDAC2","hsa04213"
"HRAS","hsa04213"
"IRS1","hsa04213"
"KRAS","hsa04213"
"MTOR","hsa04213"
"NRAS","hsa04213"
"PIK3CA","hsa04213"
"PIK3R1","hsa04213"
"PIK3R2","hsa04213"
"RPS6KB1","hsa04213"
"RPTOR","hsa04213"
"SIRT1","hsa04213"
"AURKB","hsa03083"
"BMI1","hsa03083"
"CBX7","hsa03083"
"EP300","hsa03083"
"HDAC2","hsa03083"
"PCGF1","hsa03083"
"PCGF2","hsa03083"
"PCGF6","hsa03083"
"PHC1","hsa03083"
"PHC2","hsa03083"
"PHC3","hsa03083"
"RBBP4","hsa03083"
"RING1","hsa03083"
"RNF2","hsa03083"
"SKP1","hsa03083"
"SUZ12","hsa03083"
"UBE2D2","hsa03083"
"YY1","hsa03083"
"ACTB","hsa04810"
"AKT1","hsa04810"
"ARHGEF7","hsa04810"
"BRAF","hsa04810"
"CDC42","hsa04810"
"CFL1","hsa04810"
"CRK","hsa04810"
"CXCL12","hsa04810"
"EGF","hsa04810"
"EGFR","hsa04810"
"GIT1","hsa04810"
"HRAS","hsa04810"
"ITGB1","hsa04810"
"ITGB7","hsa04810"
"KNG1","hsa04810"
"KRAS","hsa04810"
"MAP2K1","hsa04810"
"MAP2K2","hsa04810"
"MAPK1","hsa04810"
"MRAS","hsa04810"
"NRAS","hsa04810"
"PAK1","hsa04810"
"PAK2","hsa04810"
"PAK3","hsa04810"
"PFN1","hsa04810"
"PIK3CA","hsa04810"
"PIK3R1","hsa04810"
"PIK3R2","hsa04810"
"PPP1R12B","hsa04810"
"PXN","hsa04810"
"RAC1","hsa04810"
"RAF1","hsa04810"
"RRAS2","hsa04810"
"SOS1","hsa04810"
"SRC","hsa04810"
"WASL","hsa04810"
"CAMK2A","hsa04912"
"CAMK2B","hsa04912"
"CAMK2D","hsa04912"
"CDC42","hsa04912"
"EGFR","hsa04912"
"GRB2","hsa04912"
"HBEGF","hsa04912"
"HRAS","hsa04912"
"ITPR1","hsa04912"
"JUN","hsa04912"
"KRAS","hsa04912"
"MAP2K1","hsa04912"
"MAP2K2","hsa04912"
"MAPK1","hsa04912"
"MAPK14","hsa04912"
"NRAS","hsa04912"
"RAF1","hsa04912"
"SOS1","hsa04912"
"SRC","hsa04912"
"ACTB","hsa05130"
"CASP1","hsa05130"
"CASP8","hsa05130"
"CDC42","hsa05130"
"CXCL8","hsa05130"
"FADD","hsa05130"
"IL1B","hsa05130"
"IL6","hsa05130"
"ITGB1","hsa05130"
"JUN","hsa05130"
"MAPK1","hsa05130"
"MAPK14","hsa05130"
"MYO1D","hsa05130"
"NCK1","hsa05130"
"NLRP3","hsa05130"
"PAK1","hsa05130"
"PAK2","hsa05130"
"PAK3","hsa05130"
"PTPN11","hsa05130"
"PYCARD","hsa05130"
"RAC1","hsa05130"
"RPS3","hsa05130"
"SRC","hsa05130"
"TMED10","hsa05130"
"TNF","hsa05130"
"TNFRSF10A","hsa05130"
"TNFSF10","hsa05130"
"TUBA1A","hsa05130"
"TUBA1B","hsa05130"
"TUBB3","hsa05130"
"WASL","hsa05130"
"WIPF2","hsa05130"
"ACKR3","hsa04061"
"CCL2","hsa04061"
"CCL3","hsa04061"
"CCL4","hsa04061"
"CCL5","hsa04061"
"CCL8","hsa04061"
"CCR1","hsa04061"
"CCR5","hsa04061"
"CSF1","hsa04061"
"CSF1R","hsa04061"
"CXCL10","hsa04061"
"CXCL11","hsa04061"
"CXCL12","hsa04061"
"CXCL8","hsa04061"
"IL10","hsa04061"
"IL6","hsa04061"
"TNF","hsa04061"
"TNFRSF10A","hsa04061"
"TNFSF10","hsa04061"
"BRAF","hsa05216"
"CDH1","hsa05216"
"HRAS","hsa05216"
"KRAS","hsa05216"
"MAP2K1","hsa05216"
"MAP2K2","hsa05216"
"MAPK1","hsa05216"
"NRAS","hsa05216"
"RXRA","hsa05216"
"TP53","hsa05216"
"AKT1","hsa04929"
"ARRB1","hsa04929"
"ARRB2","hsa04929"
"HRAS","hsa04929"
"ITPR1","hsa04929"
"KRAS","hsa04929"
"MAP2K1","hsa04929"
"MAP2K2","hsa04929"
"MAPK1","hsa04929"
"NRAS","hsa04929"
"PIK3CA","hsa04929"
"PIK3R1","hsa04929"
"PIK3R2","hsa04929"
"RAF1","hsa04929"
"ABCC4","hsa04024"
"AKT1","hsa04024"
"ATP2A2","hsa04024"
"ATP2B2","hsa04024"
"BAD","hsa04024"
"BRAF","hsa04024"
"CAMK2A","hsa04024"
"CAMK2B","hsa04024"
"CAMK2D","hsa04024"
"CREB3L1","hsa04024"
"CRH","hsa04024"
"CRHR1","hsa04024"
"CRHR2","hsa04024"
"EP300","hsa04024"
"GIP","hsa04024"
"GIPR","hsa04024"
"GLI1","hsa04024"
"JUN","hsa04024"
"MAP2K1","hsa04024"
"MAP2K2","hsa04024"
"MAPK1","hsa04024"
"NPPA","hsa04024"
"PAK1","hsa04024"
"PDE10A","hsa04024"
"PIK3CA","hsa04024"
"PIK3R1","hsa04024"
"PIK3R2","hsa04024"
"PLN","hsa04024"
"PPARA","hsa04024"
"RAC1","hsa04024"
"RAF1","hsa04024"
"RAP1A","hsa04024"
"RRAS2","hsa04024"
"BRAF","hsa04720"
"CAMK2A","hsa04720"
"CAMK2B","hsa04720"
"CAMK2D","hsa04720"
"EP300","hsa04720"
"HRAS","hsa04720"
"ITPR1","hsa04720"
"KRAS","hsa04720"
"MAP2K1","hsa04720"
"MAP2K2","hsa04720"
"MAPK1","hsa04720"
"NRAS","hsa04720"
"RAF1","hsa04720"
"RAP1A","hsa04720"
"AKT1","hsa05168"
"BAD","hsa05168"
"BCL2L1","hsa05168"
"CASP8","hsa05168"
"CCL2","hsa05168"
"CCL5","hsa05168"
"EIF2S1","hsa05168"
"EIF4EBP1","hsa05168"
"FADD","hsa05168"
"IL1B","hsa05168"
"IL6","hsa05168"
"MTOR","hsa05168"
"PIK3CA","hsa05168"
"PIK3R1","hsa05168"
"PIK3R2","hsa05168"
"PTPN11","hsa05168"
"RHEB","hsa05168"
"SRC","hsa05168"
"SRSF1","hsa05168"
"SRSF3","hsa05168"
"SRSF7","hsa05168"
"SRSF9","hsa05168"
"STAT1","hsa05168"
"TNF","hsa05168"
"TP53","hsa05168"
"TRAF3","hsa05168"
"TSC1","hsa05168"
"TSC2","hsa05168"
"BRAF","hsa04730"
"CRH","hsa04730"
"CRHR1","hsa04730"
"HRAS","hsa04730"
"ITPR1","hsa04730"
"KRAS","hsa04730"
"MAP2K1","hsa04730"
"MAP2K2","hsa04730"
"MAPK1","hsa04730"
"NRAS","hsa04730"
"PPP2CA","hsa04730"
"PPP2CB","hsa04730"
"RAF1","hsa04730"
"CDK1","hsa04540"
"EGF","hsa04540"
"EGFR","hsa04540"
"GRB2","hsa04540"
"HRAS","hsa04540"
"ITPR1","hsa04540"
"KRAS","hsa04540"
"MAP2K1","hsa04540"
"MAP2K2","hsa04540"
"MAPK1","hsa04540"
"NRAS","hsa04540"
"RAF1","hsa04540"
"SOS1","hsa04540"
"SRC","hsa04540"
"TUBA1A","hsa04540"
"TUBA1B","hsa04540"
"TUBB3","hsa04540"
"CAMK2A","hsa04217"
"CAMK2B","hsa04217"
"CAMK2D","hsa04217"
"CASP1","hsa04217"
"CASP8","hsa04217"
"CHMP1A","hsa04217"
"CHMP1B","hsa04217"
"CHMP2A","hsa04217"
"CHMP2B","hsa04217"
"CHMP4A","hsa04217"
"CHMP5","hsa04217"
"FADD","hsa04217"
"HSP90AA1","hsa04217"
"IL1B","hsa04217"
"NLRP3","hsa04217"
"PYCARD","hsa04217"
"STAT1","hsa04217"
"STAT3","hsa04217"
"STAT5A","hsa04217"
"STAT5B","hsa04217"
"TNF","hsa04217"
"TNFAIP3","hsa04217"
"TNFRSF10A","hsa04217"
"TNFSF10","hsa04217"
"VPS4B","hsa04217"
"CCL5","hsa05120"
"CDC42","hsa05120"
"CXCL8","hsa05120"
"EGFR","hsa05120"
"GIT1","hsa05120"
"HBEGF","hsa05120"
"JUN","hsa05120"
"MAPK14","hsa05120"
"PAK1","hsa05120"
"PLCG1","hsa05120"
"PLCG2","hsa05120"
"PTPN11","hsa05120"
"RAC1","hsa05120"
"SRC","hsa05120"
"CASP8","hsa04657"
"CCL2","hsa04657"
"CSF2","hsa04657"
"CXCL10","hsa04657"
"CXCL8","hsa04657"
"ELAVL1","hsa04657"
"FADD","hsa04657"
"HSP90AA1","hsa04657"
"IL1B","hsa04657"
"IL6","hsa04657"
"JUN","hsa04657"
"MAPK1","hsa04657"
"MAPK14","hsa04657"
"SRSF1","hsa04657"
"TNF","hsa04657"
"TNFAIP3","hsa04657"
"TRAF3","hsa04657"
"LATS1","hsa04392"
"LATS2","hsa04392"
"MOB1A","hsa04392"
"MOB1B","hsa04392"
"PAK1","hsa04392"
"RASSF1","hsa04392"
"SAV1","hsa04392"
"YAP1","hsa04392"
"CHST9","hsa00513"
"DAD1","hsa00513"
"DDOST","hsa00513"
"MAGT1","hsa00513"
"RPN1","hsa00513"
"RPN2","hsa00513"
"STT3A","hsa00513"
"STT3B","hsa00513"
"TMEM258","hsa00513"
"TUSC3","hsa00513"
"AMFR","hsa04137"
"BCL2L1","hsa04137"
"EIF2S1","hsa04137"
"HRAS","hsa04137"
"JUN","hsa04137"
"KRAS","hsa04137"
"MRAS","hsa04137"
"NRAS","hsa04137"
"RPS27A","hsa04137"
"RRAS2","hsa04137"
"SMURF1","hsa04137"
"SMURF2","hsa04137"
"SRC","hsa04137"
"TP53","hsa04137"
"UBA52","hsa04137"
"UBB","hsa04137"
"ULK1","hsa04137"
"USP8","hsa04137"
"AR","hsa04114"
"BUB1","hsa04114"
"CAMK2A","hsa04114"
"CAMK2B","hsa04114"
"CAMK2D","hsa04114"
"CDC20","hsa04114"
"CDK1","hsa04114"
"CUL1","hsa04114"
"ITPR1","hsa04114"
"MAP2K1","hsa04114"
"MAPK1","hsa04114"
"MAPK14","hsa04114"
"PLK1","hsa04114"
"PPP2CA","hsa04114"
"PPP2CB","hsa04114"
"SKP1","hsa04114"
"YWHAB","hsa04114"
"YWHAE","hsa04114"
"YWHAG","hsa04114"
"YWHAH","hsa04114"
"YWHAQ","hsa04114"
"YWHAZ","hsa04114"
"AKT1","hsa04071"
"CERS6","hsa04071"
"HRAS","hsa04071"
"KNG1","hsa04071"
"KRAS","hsa04071"
"MAP2K1","hsa04071"
"MAP2K2","hsa04071"
"MAPK1","hsa04071"
"MAPK14","hsa04071"
"NRAS","hsa04071"
"PIK3CA","hsa04071"
"PIK3R1","hsa04071"
"PIK3R2","hsa04071"
"PPP2CA","hsa04071"
"PPP2CB","hsa04071"
"PPP2R2C","hsa04071"
"RAC1","hsa04071"
"RAF1","hsa04071"
"TNF","hsa04071"
"TP53","hsa04071"
"ATM","hsa05206"
"BCL2L11","hsa05206"
"BMI1","hsa05206"
"CD44","hsa05206"
"CRK","hsa05206"
"DICER1","hsa05206"
"EFNA1","hsa05206"
"EFNA2","hsa05206"
"EFNA3","hsa05206"
"EFNA4","hsa05206"
"EFNA5","hsa05206"
"EGFR","hsa05206"
"EP300","hsa05206"
"ERBB2","hsa05206"
"ERBB3","hsa05206"
"GRB2","hsa05206"
"HDAC2","hsa05206"
"HRAS","hsa05206"
"IRS1","hsa05206"
"KIF23","hsa05206"
"KRAS","hsa05206"
"MAP2K1","hsa05206"
"MAP2K2","hsa05206"
"MAPK1","hsa05206"
"MDM2","hsa05206"
"MTOR","hsa05206"
"NRAS","hsa05206"
"PIK3CA","hsa05206"
"PIK3R1","hsa05206"
"PIK3R2","hsa05206"
"PLCG1","hsa05206"
"PLCG2","hsa05206"
"RAF1","hsa05206"
"RASSF1","hsa05206"
"RPTOR","hsa05206"
"SHC1","hsa05206"
"SIRT1","hsa05206"
"SOS1","hsa05206"
"STAT3","hsa05206"
"TP53","hsa05206"
"WNT3A","hsa05206"
"AKT1","hsa04662"
"GRB2","hsa04662"
"HRAS","hsa04662"
"JUN","hsa04662"
"KRAS","hsa04662"
"MAP2K1","hsa04662"
"MAP2K2","hsa04662"
"MAPK1","hsa04662"
"NRAS","hsa04662"
"PIK3CA","hsa04662"
"PIK3R1","hsa04662"
"PIK3R2","hsa04662"
"PLCG2","hsa04662"
"RAC1","hsa04662"
"RAF1","hsa04662"
"SOS1","hsa04662"
"AKT1","hsa01524"
"ATM","hsa01524"
"BAD","hsa01524"
"BCL2L1","hsa01524"
"BIRC5","hsa01524"
"CASP8","hsa01524"
"ERBB2","hsa01524"
"FADD","hsa01524"
"MAPK1","hsa01524"
"MDM2","hsa01524"
"PIK3CA","hsa01524"
"PIK3R1","hsa01524"
"PIK3R2","hsa01524"
"TP53","hsa01524"
"CD4","hsa04659"
"HSP90AA1","hsa04659"
"IL1B","hsa04659"
"IL6","hsa04659"
"JUN","hsa04659"
"MAPK1","hsa04659"
"MAPK14","hsa04659"
"MTOR","hsa04659"
"PLCG1","hsa04659"
"RXRA","hsa04659"
"SMAD4","hsa04659"
"STAT1","hsa04659"
"STAT3","hsa04659"
"STAT5A","hsa04659"
"STAT5B","hsa04659"
"TGFB1","hsa04659"
"TGFBR1","hsa04659"
"TGFBR2","hsa04659"
"AIM2","hsa04621"
"BCL2L1","hsa04621"
"CASP1","hsa04621"
"CASP5","hsa04621"
"CASP8","hsa04621"
"CASR","hsa04621"
"CCL2","hsa04621"
"CCL5","hsa04621"
"CXCL8","hsa04621"
"DHX33","hsa04621"
"FADD","hsa04621"
"HSP90AA1","hsa04621"
"IL1B","hsa04621"
"IL6","hsa04621"
"ITPR1","hsa04621"
"JUN","hsa04621"
"MAPK1","hsa04621"
"MAPK14","hsa04621"
"NLRC4","hsa04621"
"NLRP3","hsa04621"
"PYCARD","hsa04621"
"STAT1","hsa04621"
"TNF","hsa04621"
"TNFAIP3","hsa04621"
"TRAF3","hsa04621"
"TXN","hsa04621"
"YWHAE","hsa04621"
"CASP1","hsa05133"
"CFL1","hsa05133"
"CXCL8","hsa05133"
"IL10","hsa05133"
"IL1B","hsa05133"
"IL6","hsa05133"
"ITGB1","hsa05133"
"JUN","hsa05133"
"MAPK1","hsa05133"
"MAPK14","hsa05133"
"NLRP3","hsa05133"
"NOS2","hsa05133"
"PYCARD","hsa05133"
"TNF","hsa05133"
"CYP51A1","hsa00100"
"FDFT1","hsa00100"
"HSD17B7","hsa00100"
"LSS","hsa00100"
"MSMO1","hsa00100"
"NSDHL","hsa00100"
"AKT1","hsa05162"
"BAD","hsa05162"
"BCL2L1","hsa05162"
"CASP8","hsa05162"
"CBLB","hsa05162"
"EIF2S1","hsa05162"
"EIF3H","hsa05162"
"FADD","hsa05162"
"IL1B","hsa05162"
"IL6","hsa05162"
"JUN","hsa05162"
"PIK3CA","hsa05162"
"PIK3R1","hsa05162"
"PIK3R2","hsa05162"
"STAT1","hsa05162"
"STAT3","hsa05162"
"STAT5A","hsa05162"
"STAT5B","hsa05162"
"TNFAIP3","hsa05162"
"TP53","hsa05162"
"TRAF3","hsa05162"
"ALOX5","hsa04148"
"ATP2A2","hsa04148"
"AXL","hsa04148"
"CAMK2A","hsa04148"
"CAMK2B","hsa04148"
"CAMK2D","hsa04148"
"CASP1","hsa04148"
"CRK","hsa04148"
"EPOR","hsa04148"
"GAS6","hsa04148"
"IL10","hsa04148"
"MAP2K1","hsa04148"
"MAP2K2","hsa04148"
"MAPK1","hsa04148"
"MAPK14","hsa04148"
"MERTK","hsa04148"
"PTPN11","hsa04148"
"RAC1","hsa04148"
"RXRA","hsa04148"
"SIRT1","hsa04148"
"TGFB1","hsa04148"
"TYRO3","hsa04148"
"UQCRFS1","hsa04148"
"ACTB","hsa04670"
"CDC42","hsa04670"
"CTNND1","hsa04670"
"CXCL12","hsa04670"
"ICAM1","hsa04670"
"ITGB1","hsa04670"
"MAPK14","hsa04670"
"PIK3CA","hsa04670"
"PIK3R1","hsa04670"
"PIK3R2","hsa04670"
"PLCG1","hsa04670"
"PLCG2","hsa04670"
"PTPN11","hsa04670"
"PXN","hsa04670"
"RAC1","hsa04670"
"RAP1A","hsa04670"
"RASSF5","hsa04670"
"VASP","hsa04670"
"CCL2","hsa05144"
"CXCL8","hsa05144"
"ICAM1","hsa05144"
"IL10","hsa05144"
"IL1B","hsa05144"
"IL6","hsa05144"
"KLRK1","hsa05144"
"TGFB1","hsa05144"
"TGFB3","hsa05144"
"TNF","hsa05144"
"AKT1","hsa04380"
"ATP2A2","hsa04380"
"CSF1","hsa04380"
"CSF1R","hsa04380"
"GRB2","hsa04380"
"IL1B","hsa04380"
"ITPR1","hsa04380"
"JUN","hsa04380"
"MAP2K1","hsa04380"
"MAPK1","hsa04380"
"MAPK14","hsa04380"
"PIK3CA","hsa04380"
"PIK3R1","hsa04380"
"PIK3R2","hsa04380"
"PLCG2","hsa04380"
"RAC1","hsa04380"
"STAT1","hsa04380"
"TGFB1","hsa04380"
"TGFBR1","hsa04380"
"TGFBR2","hsa04380"
"TNF","hsa04380"
"AKT1","hsa04666"
"CDC42","hsa04666"
"CFL1","hsa04666"
"CRK","hsa04666"
"MAP2K1","hsa04666"
"MAPK1","hsa04666"
"PAK1","hsa04666"
"PIK3CA","hsa04666"
"PIK3R1","hsa04666"
"PIK3R2","hsa04666"
"PLCG1","hsa04666"
"PLCG2","hsa04666"
"RAC1","hsa04666"
"RAF1","hsa04666"
"RPS6KB1","hsa04666"
"VASP","hsa04666"
"ACACB","hsa04931"
"AKT1","hsa04931"
"CREB3L1","hsa04931"
"IL6","hsa04931"
"IRS1","hsa04931"
"MTOR","hsa04931"
"PIK3CA","hsa04931"
"PIK3R1","hsa04931"
"PIK3R2","hsa04931"
"PPARA","hsa04931"
"PPARGC1A","hsa04931"
"PTPN1","hsa04931"
"PTPN11","hsa04931"
"RPS6KB1","hsa04931"
"SREBF1","hsa04931"
"STAT3","hsa04931"
"TNF","hsa04931"
"ACKR3","hsa04060"
"ACVR1","hsa04060"
"ACVRL1","hsa04060"
"BMP8B","hsa04060"
"BMPR1A","hsa04060"
"CCL2","hsa04060"
"CCL3","hsa04060"
"CCL4","hsa04060"
"CCL5","hsa04060"
"CCL8","hsa04060"
"CCR1","hsa04060"
"CCR5","hsa04060"
"CD4","hsa04060"
"CSF1","hsa04060"
"CSF1R","hsa04060"
"CSF2","hsa04060"
"CXCL10","hsa04060"
"CXCL11","hsa04060"
"CXCL12","hsa04060"
"CXCL8","hsa04060"
"EDA","hsa04060"
"EDA2R","hsa04060"
"EDAR","hsa04060"
"EPOR","hsa04060"
"GDF2","hsa04060"
"IL10","hsa04060"
"IL1B","hsa04060"
"IL6","hsa04060"
"TGFB1","hsa04060"
"TGFB3","hsa04060"
"TGFBR1","hsa04060"
"TGFBR2","hsa04060"
"TNF","hsa04060"
"TNFRSF10A","hsa04060"
"TNFRSF13B","hsa04060"
"TNFSF10","hsa04060"
"TNFSF13","hsa04060"
"CAMK2A","hsa04916"
"CAMK2B","hsa04916"
"CAMK2D","hsa04916"
"CREB3L1","hsa04916"
"EP300","hsa04916"
"HRAS","hsa04916"
"KIT","hsa04916"
"KITLG","hsa04916"
"KRAS","hsa04916"
"MAP2K1","hsa04916"
"MAP2K2","hsa04916"
"MAPK1","hsa04916"
"NRAS","hsa04916"
"RAF1","hsa04916"
"WNT3A","hsa04916"
"WNT5A","hsa04916"
"CCL2","hsa05323"
"CCL3","hsa05323"
"CCL5","hsa05323"
"CSF1","hsa05323"
"CSF2","hsa05323"
"CXCL12","hsa05323"
"CXCL8","hsa05323"
"ICAM1","hsa05323"
"IL1B","hsa05323"
"IL6","hsa05323"
"JUN","hsa05323"
"TGFB1","hsa05323"
"TGFB3","hsa05323"
"TNF","hsa05323"
"TNFSF13","hsa05323"
"ATM","hsa04064"
"BCL2L1","hsa04064"
"CCL4","hsa04064"
"CXCL12","hsa04064"
"CXCL8","hsa04064"
"EDA","hsa04064"
"EDA2R","hsa04064"
"EDAR","hsa04064"
"EDARADD","hsa04064"
"ICAM1","hsa04064"
"IL1B","hsa04064"
"PLCG1","hsa04064"
"PLCG2","hsa04064"
"TNF","hsa04064"
"TNFAIP3","hsa04064"
"TRAF3","hsa04064"
"CBL","hsa04120"
"CBLB","hsa04120"
"CBLC","hsa04120"
"CDC20","hsa04120"
"CUL1","hsa04120"
"CUL4A","hsa04120"
"CUL4B","hsa04120"
"DDB1","hsa04120"
"MDM2","hsa04120"
"NEDD4","hsa04120"
"RPS27A","hsa04120"
"SKP1","hsa04120"
"SMURF1","hsa04120"
"SMURF2","hsa04120"
"UBA1","hsa04120"
"UBA52","hsa04120"
"UBB","hsa04120"
"UBE2D2","hsa04120"
"UBE2K","hsa04120"
"UBE2N","hsa04120"
"ACTB","hsa05418"
"ACVR1","hsa05418"
"AKT1","hsa05418"
"BMPR1A","hsa05418"
"CAV1","hsa05418"
"CCL2","hsa05418"
"HSP90AA1","hsa05418"
"ICAM1","hsa05418"
"IL1B","hsa05418"
"JUN","hsa05418"
"MAPK14","hsa05418"
"NPPC","hsa05418"
"PIK3CA","hsa05418"
"PIK3R1","hsa05418"
"PIK3R2","hsa05418"
"RAC1","hsa05418"
"SRC","hsa05418"
"TNF","hsa05418"
"TP53","hsa05418"
"TXN","hsa05418"
"ACACB","hsa04936"
"AKT1","hsa04936"
"CAMKK2","hsa04936"
"CASP8","hsa04936"
"CXCL8","hsa04936"
"FABP1","hsa04936"
"FADD","hsa04936"
"FASN","hsa04936"
"IL1B","hsa04936"
"IL6","hsa04936"
"LPIN1","hsa04936"
"MAPK14","hsa04936"
"PPARA","hsa04936"
"PPARGC1A","hsa04936"
"SCD","hsa04936"
"SIRT1","hsa04936"
"SREBF1","hsa04936"
"TNF","hsa04936"
"TRA2B","hsa04936"
"TRAF3","hsa04936"
"CCR5","hsa03250"
"CD4","hsa03250"
"CHMP4A","hsa03250"
"ELL","hsa03250"
"ELL2","hsa03250"
"EP300","hsa03250"
"HGS","hsa03250"
"RAN","hsa03250"
"TSG101","hsa03250"
"VPS4B","hsa03250"
"XPO1","hsa03250"
"CASP1","hsa05134"
"CASP8","hsa05134"
"CXCL8","hsa05134"
"EEF1A1","hsa05134"
"HBS1L","hsa05134"
"IL1B","hsa05134"
"IL6","hsa05134"
"NLRC4","hsa05134"
"PYCARD","hsa05134"
"TNF","hsa05134"
"AKT1","hsa04630"
"BCL2L1","hsa04630"
"CSF2","hsa04630"
"EGF","hsa04630"
"EGFR","hsa04630"
"EP300","hsa04630"
"EPOR","hsa04630"
"GRB2","hsa04630"
"HRAS","hsa04630"
"IL10","hsa04630"
"IL6","hsa04630"
"MTOR","hsa04630"
"PIK3CA","hsa04630"
"PIK3R1","hsa04630"
"PIK3R2","hsa04630"
"PTPN11","hsa04630"
"RAF1","hsa04630"
"SOS1","hsa04630"
"STAT1","hsa04630"
"STAT3","hsa04630"
"STAT5A","hsa04630"
"STAT5B","hsa04630"
"AKT1","hsa05145"
"ALOX5","hsa05145"
"BAD","hsa05145"
"BCL2L1","hsa05145"
"CASP8","hsa05145"
"CCR5","hsa05145"
"IL10","hsa05145"
"ITGB1","hsa05145"
"MAPK1","hsa05145"
"MAPK14","hsa05145"
"NOS2","hsa05145"
"STAT1","hsa05145"
"STAT3","hsa05145"
"TGFB1","hsa05145"
"TGFB3","hsa05145"
"TNF","hsa05145"
"AKT1","hsa04371"
"CDH1","hsa04371"
"HRAS","hsa04371"
"ITPR1","hsa04371"
"KRAS","hsa04371"
"MAP2K1","hsa04371"
"MAP2K2","hsa04371"
"MAPK1","hsa04371"
"MRAS","hsa04371"
"MTOR","hsa04371"
"NOS2","hsa04371"
"NRAS","hsa04371"
"PPARGC1A","hsa04371"
"RAF1","hsa04371"
"RPS6","hsa04371"
"RPS6KB1","hsa04371"
"RRAS2","hsa04371"
"SMAD4","hsa04371"
"TGFBR1","hsa04371"
